party,disabled,water_resources,adoption,doctors,salvador,religions,anti_satellite,nicaragua,missile,immigrant,alternative_fuel,education,superfund_right,crime,duty_free_exports,export
republican,no,yes,no,yes,yes,yes,no,no,no,yes,abstained,yes,yes,yes,no,yes
republican,no,yes,no,yes,yes,yes,no,no,no,no,no,yes,yes,yes,no,abstained
democratic,abstained,yes,yes,abstained,yes,yes,no,no,no,no,yes,no,yes,yes,no,no
democratic,no,yes,yes,no,abstained,yes,no,no,no,no,yes,no,yes,no,no,yes
democratic,yes,yes,yes,no,yes,yes,no,no,no,no,yes,abstained,yes,yes,yes,yes
democratic,no,yes,yes,no,yes,yes,no,no,no,no,no,no,yes,yes,yes,yes
democratic,no,yes,no,yes,yes,yes,no,no,no,no,no,no,abstained,yes,yes,yes
republican,no,yes,no,yes,yes,yes,no,no,no,no,no,no,yes,yes,abstained,yes
republican,no,yes,no,yes,yes,yes,no,no,no,no,no,yes,yes,yes,no,yes
democratic,yes,yes,yes,no,no,no,yes,yes,yes,no,no,no,no,no,abstained,abstained
republican,no,yes,no,yes,yes,no,no,no,no,no,abstained,abstained,yes,yes,no,no
republican,no,yes,no,yes,yes,yes,no,no,no,no,yes,abstained,yes,yes,abstained,abstained
democratic,no,yes,yes,no,no,no,yes,yes,yes,no,no,no,yes,no,abstained,abstained
democratic,yes,yes,yes,no,no,yes,yes,yes,abstained,yes,yes,abstained,no,no,yes,abstained
republican,no,yes,no,yes,yes,yes,no,no,no,no,no,yes,abstained,abstained,no,abstained
republican,no,yes,no,yes,yes,yes,no,no,no,yes,no,yes,yes,abstained,no,abstained
democratic,yes,no,yes,no,no,yes,no,yes,abstained,yes,yes,yes,abstained,no,no,yes
democratic,yes,abstained,yes,no,no,no,yes,yes,yes,no,no,no,yes,no,yes,yes
republican,no,yes,no,yes,yes,yes,no,no,no,no,no,abstained,yes,yes,no,no
democratic,yes,yes,yes,no,no,no,yes,yes,yes,no,yes,no,no,no,yes,yes
democratic,yes,yes,yes,no,no,abstained,yes,yes,no,no,yes,no,no,no,yes,yes
democratic,yes,yes,yes,no,no,no,yes,yes,yes,no,no,no,abstained,abstained,yes,yes
democratic,yes,abstained,yes,no,no,no,yes,yes,yes,no,no,abstained,no,no,yes,yes
democratic,yes,yes,yes,no,no,no,yes,yes,yes,no,no,no,no,no,yes,yes
democratic,yes,no,yes,no,no,no,yes,yes,yes,no,no,no,no,no,yes,abstained
democratic,yes,no,yes,no,no,no,yes,yes,yes,yes,no,no,no,no,yes,yes
democratic,yes,no,yes,no,no,no,yes,yes,yes,no,yes,no,no,no,yes,yes
democratic,yes,yes,yes,no,no,no,yes,yes,yes,no,yes,no,no,no,yes,yes
republican,yes,no,no,yes,yes,no,yes,yes,yes,no,no,yes,yes,yes,no,yes
democratic,yes,yes,yes,no,no,no,yes,yes,yes,no,yes,no,no,no,yes,yes
republican,no,yes,no,yes,yes,yes,no,no,no,no,no,yes,yes,yes,no,no
democratic,yes,yes,yes,no,no,no,yes,yes,yes,no,yes,no,no,no,yes,abstained
democratic,yes,yes,yes,no,no,no,yes,yes,yes,yes,no,no,yes,no,yes,yes
republican,no,yes,no,yes,yes,yes,no,no,no,no,no,yes,yes,yes,no,yes
democratic,yes,yes,yes,no,no,no,yes,yes,yes,no,no,no,no,no,yes,yes
republican,no,yes,no,yes,yes,yes,no,no,no,no,no,yes,yes,yes,no,no
republican,yes,abstained,no,yes,yes,yes,no,no,no,yes,no,yes,abstained,yes,no,yes
republican,yes,yes,no,yes,yes,yes,no,no,no,no,no,no,yes,yes,no,yes
republican,no,yes,no,yes,yes,yes,no,no,no,yes,no,yes,yes,yes,no,no
democratic,yes,no,yes,no,no,no,yes,yes,yes,yes,yes,no,yes,no,yes,yes
democratic,yes,yes,yes,no,no,no,yes,yes,yes,no,abstained,no,no,no,no,abstained
democratic,yes,yes,yes,no,no,no,yes,yes,yes,no,no,no,no,no,yes,abstained
democratic,yes,no,yes,no,no,no,yes,yes,yes,no,no,no,no,no,no,yes
democratic,yes,no,yes,no,no,no,yes,yes,yes,no,no,no,no,no,yes,yes
democratic,yes,yes,yes,no,no,no,yes,yes,yes,no,yes,no,no,no,no,abstained
democratic,yes,yes,yes,no,no,no,yes,yes,abstained,no,yes,no,no,no,yes,abstained
democratic,yes,yes,yes,no,no,no,yes,yes,yes,no,no,no,no,no,no,yes
democratic,yes,no,yes,no,no,no,yes,yes,abstained,no,no,no,no,no,no,abstained
democratic,yes,yes,yes,no,no,no,yes,yes,no,no,no,no,no,yes,no,yes
republican,no,abstained,no,yes,yes,yes,no,no,no,no,no,yes,yes,yes,no,no
democratic,yes,yes,yes,no,no,no,yes,yes,yes,no,yes,no,no,no,yes,yes
republican,no,yes,no,yes,yes,yes,no,abstained,no,no,no,yes,yes,yes,no,yes
democratic,yes,yes,yes,no,no,no,yes,yes,yes,no,no,no,no,no,abstained,abstained
republican,yes,yes,no,yes,yes,yes,no,no,no,yes,no,yes,yes,yes,no,no
democratic,yes,yes,yes,no,no,yes,abstained,yes,no,no,yes,yes,no,yes,no,abstained
republican,no,yes,no,yes,yes,yes,no,no,no,yes,yes,yes,yes,yes,no,no
republican,no,yes,no,yes,yes,yes,no,no,no,yes,yes,yes,yes,yes,no,yes
republican,no,yes,no,yes,yes,yes,no,no,no,yes,no,yes,yes,yes,no,yes
republican,no,yes,no,yes,yes,yes,no,no,no,yes,no,yes,yes,yes,no,yes
republican,no,yes,no,yes,yes,yes,no,no,no,yes,no,yes,yes,yes,no,abstained
democratic,yes,yes,yes,no,no,abstained,yes,yes,yes,yes,no,no,no,no,yes,abstained
republican,no,yes,no,yes,yes,yes,no,no,no,no,no,yes,yes,yes,no,no
democratic,yes,yes,yes,no,no,no,yes,yes,yes,no,no,no,no,no,no,abstained
democratic,yes,yes,yes,no,no,no,yes,yes,yes,no,yes,no,no,no,no,yes
democratic,yes,yes,yes,no,no,no,yes,yes,yes,no,yes,abstained,no,no,no,yes
republican,yes,yes,no,yes,yes,yes,yes,no,no,no,no,yes,yes,yes,no,yes
republican,no,yes,no,yes,yes,yes,yes,no,no,no,yes,yes,yes,yes,no,yes
republican,no,yes,no,yes,yes,yes,no,no,no,yes,no,yes,yes,yes,no,no
democratic,yes,abstained,yes,no,no,no,yes,yes,yes,no,no,no,yes,no,yes,yes
democratic,yes,yes,yes,no,no,no,yes,yes,yes,no,no,no,no,no,yes,yes
democratic,yes,no,yes,no,no,no,yes,yes,yes,no,no,no,yes,no,yes,abstained
republican,yes,yes,yes,yes,no,no,yes,yes,yes,yes,yes,no,no,yes,no,yes
democratic,yes,yes,yes,no,no,no,yes,yes,yes,no,yes,no,no,no,yes,abstained
republican,yes,no,yes,yes,yes,no,yes,no,yes,yes,no,no,yes,yes,no,yes
democratic,yes,no,yes,no,no,yes,yes,yes,yes,yes,yes,no,no,yes,yes,yes
democratic,no,yes,yes,yes,yes,yes,no,no,no,yes,yes,no,yes,yes,no,no
democratic,no,yes,yes,no,yes,yes,no,no,no,yes,yes,yes,yes,yes,no,abstained
democratic,no,yes,yes,yes,yes,yes,no,yes,yes,yes,yes,yes,yes,yes,no,yes
democratic,yes,yes,yes,no,yes,yes,no,no,no,yes,yes,no,yes,yes,no,yes
republican,no,no,no,yes,yes,no,no,no,no,yes,no,yes,yes,yes,no,no
democratic,yes,no,yes,no,no,yes,yes,yes,yes,yes,no,yes,no,yes,no,abstained
democratic,yes,no,yes,no,no,no,yes,yes,abstained,yes,yes,yes,no,yes,no,yes
republican,no,no,no,yes,yes,yes,no,no,no,yes,no,yes,yes,yes,no,yes
republican,no,no,no,yes,yes,yes,no,no,no,no,no,yes,yes,yes,no,no
republican,no,abstained,no,yes,yes,yes,no,no,no,yes,no,yes,yes,yes,no,no
democratic,no,no,yes,no,yes,yes,no,no,no,yes,yes,yes,yes,yes,no,yes
republican,no,no,no,yes,yes,yes,no,no,no,yes,no,yes,yes,yes,no,no
republican,no,no,no,yes,yes,yes,no,no,no,no,no,yes,yes,yes,no,no
democratic,no,yes,yes,no,yes,yes,yes,no,yes,yes,yes,no,yes,yes,no,yes
republican,no,no,no,yes,yes,yes,no,no,no,yes,no,abstained,yes,yes,no,abstained
democratic,yes,no,yes,no,no,no,yes,yes,yes,yes,no,no,no,no,yes,yes
democratic,yes,no,yes,no,no,no,yes,yes,yes,yes,yes,no,no,no,yes,yes
democratic,yes,yes,yes,no,no,no,yes,yes,no,yes,yes,no,no,abstained,yes,yes
democratic,yes,no,yes,no,no,no,yes,no,yes,yes,yes,no,no,no,yes,yes
democratic,yes,no,yes,no,yes,yes,no,no,no,no,no,no,no,no,no,yes
democratic,yes,no,yes,no,yes,yes,no,abstained,abstained,no,yes,abstained,abstained,abstained,yes,yes
democratic,no,no,abstained,no,yes,yes,no,no,no,no,yes,yes,yes,yes,no,yes
democratic,yes,no,no,no,yes,yes,yes,no,no,yes,yes,no,no,yes,no,yes
democratic,yes,yes,yes,no,no,yes,yes,yes,yes,yes,no,no,no,no,no,yes
republican,no,no,no,yes,yes,yes,no,no,no,yes,abstained,yes,yes,yes,no,no
democratic,yes,no,no,no,yes,yes,no,no,no,no,yes,yes,no,yes,no,yes
democratic,yes,no,yes,no,yes,yes,yes,no,no,no,yes,no,no,yes,no,yes
democratic,yes,no,yes,no,yes,yes,yes,no,abstained,no,yes,no,yes,yes,yes,abstained
democratic,yes,no,no,no,yes,yes,abstained,no,abstained,no,no,no,no,yes,abstained,no
democratic,abstained,abstained,abstained,abstained,no,yes,yes,yes,yes,yes,abstained,no,yes,yes,no,abstained
democratic,yes,yes,yes,no,no,no,no,yes,yes,no,yes,no,no,no,yes,yes
republican,no,yes,no,yes,yes,yes,no,no,no,no,no,yes,yes,yes,no,yes
republican,no,abstained,abstained,abstained,abstained,abstained,abstained,abstained,abstained,abstained,abstained,abstained,abstained,yes,abstained,abstained
democratic,yes,abstained,yes,no,no,no,yes,yes,yes,no,no,no,no,no,yes,abstained
democratic,yes,abstained,yes,no,no,no,yes,yes,yes,no,no,no,no,no,yes,abstained
democratic,no,no,yes,no,no,no,yes,yes,yes,yes,no,no,no,no,yes,yes
republican,no,abstained,no,yes,yes,yes,no,no,no,yes,no,yes,yes,yes,no,yes
democratic,no,abstained,yes,no,no,yes,yes,yes,no,yes,no,no,no,no,yes,abstained
republican,no,abstained,no,yes,yes,yes,no,no,no,yes,no,yes,yes,yes,no,no
democratic,yes,abstained,yes,no,no,no,yes,yes,yes,no,no,no,no,no,yes,abstained
democratic,no,abstained,yes,no,abstained,abstained,yes,yes,yes,yes,abstained,abstained,no,no,yes,yes
democratic,yes,no,yes,no,no,no,yes,yes,yes,no,yes,no,no,no,yes,yes
republican,yes,yes,yes,yes,yes,no,yes,no,no,no,no,yes,yes,yes,no,yes
democratic,no,yes,yes,no,no,no,no,yes,yes,yes,yes,no,no,no,yes,yes
republican,no,no,no,yes,yes,yes,no,no,no,no,no,yes,yes,yes,no,no
republican,no,abstained,abstained,yes,yes,yes,no,no,no,yes,no,yes,yes,yes,abstained,yes
republican,no,abstained,no,yes,yes,yes,no,no,no,yes,no,yes,yes,yes,no,yes
republican,no,no,no,yes,yes,yes,no,no,no,yes,no,yes,no,yes,no,yes
republican,yes,abstained,no,yes,yes,yes,no,yes,no,no,no,yes,yes,yes,no,yes
democratic,no,abstained,yes,no,no,no,yes,yes,yes,no,no,no,no,no,yes,yes
republican,no,abstained,no,yes,yes,yes,no,no,no,yes,no,yes,yes,yes,no,yes
republican,no,abstained,no,yes,yes,yes,no,no,no,no,no,yes,yes,yes,no,no
democratic,no,abstained,yes,no,no,no,yes,yes,yes,yes,yes,no,no,yes,yes,yes
democratic,no,abstained,yes,no,no,yes,no,yes,no,yes,yes,no,no,no,yes,yes
democratic,abstained,abstained,yes,no,no,no,yes,yes,abstained,no,abstained,abstained,abstained,abstained,abstained,abstained
democratic,yes,abstained,yes,no,abstained,abstained,yes,yes,yes,no,no,no,no,no,yes,abstained
democratic,no,no,yes,no,no,yes,no,yes,yes,yes,no,no,no,yes,no,yes
republican,no,no,no,yes,yes,yes,no,no,no,yes,no,yes,yes,yes,no,abstained
republican,no,no,no,yes,yes,yes,no,no,no,yes,no,yes,yes,yes,no,yes
republican,no,no,no,yes,yes,yes,no,no,no,no,no,yes,yes,yes,no,abstained
republican,no,no,no,yes,yes,yes,no,no,no,yes,no,yes,yes,yes,no,no
republican,no,yes,no,yes,yes,yes,no,no,no,yes,yes,yes,yes,no,no,yes
democratic,no,abstained,yes,no,no,yes,yes,yes,yes,yes,no,no,no,yes,yes,yes
democratic,no,no,yes,no,no,yes,yes,yes,yes,yes,no,no,no,yes,no,yes
democratic,yes,no,yes,no,no,yes,yes,yes,yes,no,no,no,no,no,yes,yes
republican,no,no,no,yes,no,no,yes,yes,yes,yes,no,no,yes,yes,no,yes
republican,no,no,no,yes,yes,yes,yes,yes,yes,yes,no,yes,yes,yes,abstained,yes
republican,no,no,no,yes,yes,yes,yes,yes,yes,yes,no,yes,yes,yes,no,yes
democratic,abstained,yes,no,no,no,no,yes,yes,yes,yes,yes,no,no,yes,yes,yes
democratic,no,abstained,no,no,no,yes,yes,yes,yes,yes,no,no,no,yes,no,abstained
democratic,no,no,yes,no,no,yes,yes,yes,yes,yes,no,no,no,yes,abstained,yes
republican,no,yes,no,yes,yes,yes,no,no,no,no,no,yes,yes,yes,no,yes
democratic,no,no,no,no,no,no,yes,yes,yes,yes,no,yes,yes,yes,yes,yes
republican,no,yes,no,yes,yes,yes,no,no,no,yes,yes,yes,yes,yes,no,yes
democratic,no,no,yes,no,no,no,yes,yes,yes,yes,no,no,yes,no,yes,yes
republican,yes,yes,no,yes,yes,yes,no,no,no,yes,no,yes,yes,yes,no,yes
democratic,yes,yes,abstained,yes,yes,yes,no,no,yes,no,yes,abstained,yes,yes,no,no
democratic,no,yes,yes,no,no,yes,no,yes,yes,yes,yes,no,yes,no,yes,yes
democratic,no,no,yes,no,no,yes,yes,yes,yes,yes,yes,no,yes,yes,no,yes
republican,no,yes,no,yes,yes,yes,no,no,no,no,no,yes,yes,yes,no,no
republican,yes,yes,no,yes,yes,yes,no,abstained,no,no,yes,yes,yes,yes,no,no
republican,yes,yes,no,yes,yes,yes,yes,no,no,no,no,yes,yes,yes,no,no
democratic,no,yes,yes,no,no,yes,no,yes,yes,no,yes,no,abstained,abstained,abstained,abstained
republican,no,yes,no,yes,yes,yes,no,no,no,yes,no,yes,yes,yes,no,no
democratic,no,yes,yes,no,abstained,yes,yes,yes,yes,yes,yes,no,no,abstained,no,abstained
democratic,no,yes,no,no,yes,yes,no,no,no,no,no,yes,yes,yes,yes,yes
democratic,no,no,no,no,yes,yes,yes,no,no,no,no,yes,yes,yes,no,yes
democratic,no,yes,yes,no,yes,yes,yes,no,no,no,yes,yes,yes,yes,no,yes
republican,no,yes,no,yes,yes,yes,yes,no,no,no,no,yes,yes,yes,no,yes
democratic,yes,yes,no,no,yes,yes,no,no,no,yes,yes,yes,yes,yes,no,abstained
democratic,no,yes,yes,no,no,yes,yes,yes,yes,yes,yes,no,yes,no,yes,abstained
republican,yes,no,yes,yes,yes,yes,yes,yes,no,yes,no,yes,no,yes,yes,yes
republican,yes,no,yes,yes,yes,yes,yes,yes,no,yes,yes,yes,no,yes,yes,yes
democratic,no,no,yes,yes,yes,yes,no,no,yes,no,no,no,yes,yes,yes,abstained
democratic,yes,no,yes,no,no,no,yes,yes,yes,yes,yes,no,no,yes,no,yes
democratic,yes,no,yes,no,no,no,abstained,yes,yes,abstained,no,no,no,no,yes,abstained
republican,no,abstained,no,yes,yes,yes,no,no,no,yes,no,yes,yes,yes,no,yes
democratic,no,yes,yes,no,no,no,yes,yes,yes,yes,no,no,abstained,no,yes,yes
democratic,no,no,no,no,yes,yes,no,no,no,yes,yes,yes,yes,yes,no,yes
democratic,yes,abstained,yes,no,no,no,yes,yes,yes,no,no,no,no,no,yes,abstained
democratic,no,yes,yes,no,no,no,yes,yes,yes,yes,no,no,no,no,yes,yes
republican,no,no,yes,yes,no,no,yes,yes,yes,yes,no,no,no,yes,yes,yes
democratic,no,no,yes,no,no,no,yes,yes,yes,yes,yes,abstained,no,no,yes,yes
democratic,abstained,no,yes,no,no,no,yes,yes,yes,yes,yes,abstained,no,no,yes,abstained
democratic,yes,no,yes,no,no,no,yes,yes,yes,yes,no,no,no,no,yes,yes
democratic,abstained,abstained,yes,no,no,no,yes,yes,yes,abstained,abstained,no,no,no,abstained,abstained
democratic,no,no,yes,no,no,no,yes,yes,yes,yes,yes,no,no,no,yes,yes
democratic,yes,abstained,yes,no,no,no,yes,yes,yes,no,no,no,no,no,yes,yes
democratic,abstained,abstained,abstained,abstained,abstained,abstained,abstained,abstained,yes,abstained,abstained,abstained,abstained,abstained,abstained,abstained
democratic,no,no,yes,no,no,no,yes,yes,yes,yes,yes,no,no,no,yes,yes
democratic,yes,no,yes,no,no,no,yes,yes,yes,yes,no,abstained,no,no,yes,yes
democratic,no,yes,yes,no,no,no,yes,yes,yes,yes,yes,no,no,no,yes,yes
democratic,yes,no,yes,no,no,no,yes,yes,yes,no,no,no,no,no,yes,abstained
republican,yes,abstained,no,yes,yes,yes,yes,yes,no,no,no,yes,abstained,yes,abstained,abstained
democratic,yes,no,yes,no,no,no,yes,yes,yes,no,no,no,no,no,yes,yes
republican,no,abstained,no,yes,yes,yes,no,no,no,no,no,yes,yes,yes,no,abstained
republican,no,yes,no,yes,yes,yes,no,abstained,no,yes,no,yes,yes,yes,no,abstained
democratic,no,no,no,no,no,yes,yes,yes,yes,no,yes,no,no,yes,yes,yes
democratic,no,no,yes,no,no,no,yes,yes,yes,no,no,no,no,no,yes,yes
democratic,no,no,yes,no,no,yes,yes,abstained,yes,yes,yes,no,no,no,yes,yes
republican,no,no,no,yes,yes,yes,no,no,no,no,no,yes,yes,yes,no,abstained
democratic,no,no,yes,no,no,yes,yes,yes,yes,no,yes,yes,no,yes,yes,abstained
republican,no,abstained,yes,yes,yes,yes,no,no,no,yes,no,no,no,yes,no,yes
democratic,no,no,yes,no,no,no,yes,yes,yes,yes,yes,no,abstained,no,yes,abstained
democratic,yes,yes,no,no,no,no,yes,yes,abstained,no,yes,no,no,no,yes,abstained
democratic,no,no,yes,no,no,no,yes,yes,yes,no,no,no,no,yes,yes,yes
democratic,yes,yes,yes,no,no,no,yes,yes,yes,no,no,no,no,no,yes,yes
democratic,yes,no,yes,no,no,yes,yes,yes,yes,yes,yes,no,no,no,yes,yes
democratic,yes,no,yes,no,no,no,yes,yes,yes,yes,no,no,no,no,yes,yes
republican,no,no,yes,yes,yes,yes,yes,no,no,no,no,yes,yes,yes,no,yes
democratic,no,no,yes,no,no,yes,yes,yes,yes,yes,no,yes,no,no,no,yes
republican,no,no,no,yes,yes,yes,no,no,no,yes,no,yes,no,yes,no,yes
republican,yes,abstained,no,yes,yes,yes,yes,no,no,yes,no,yes,yes,yes,no,yes
democratic,no,no,yes,no,no,no,yes,yes,yes,no,no,abstained,no,no,yes,yes
democratic,yes,yes,yes,no,no,no,yes,yes,yes,yes,yes,no,no,no,no,yes
democratic,no,no,yes,no,no,yes,yes,yes,yes,no,no,no,no,no,yes,yes
republican,no,yes,no,yes,yes,yes,no,no,no,yes,no,yes,yes,yes,no,yes
democratic,no,no,yes,no,no,no,yes,yes,yes,no,yes,no,no,no,yes,yes
democratic,no,yes,yes,no,no,yes,no,yes,yes,no,yes,no,yes,no,yes,yes
republican,yes,yes,no,yes,yes,yes,no,no,no,yes,no,yes,yes,yes,no,yes
democratic,no,yes,yes,yes,yes,yes,no,no,no,yes,yes,yes,yes,yes,yes,abstained
democratic,yes,yes,yes,no,yes,yes,no,no,abstained,yes,no,no,no,yes,yes,abstained
republican,no,yes,no,yes,yes,yes,no,no,no,yes,no,yes,yes,yes,no,no
democratic,yes,abstained,yes,no,no,no,yes,yes,yes,no,abstained,no,no,no,yes,abstained
democratic,no,yes,yes,no,no,no,no,yes,yes,no,yes,no,no,yes,yes,yes
democratic,no,no,yes,no,no,no,yes,yes,yes,no,no,no,no,no,yes,abstained
democratic,no,yes,yes,no,yes,yes,no,no,no,no,yes,no,no,no,yes,abstained
democratic,yes,no,yes,no,no,no,yes,yes,yes,no,yes,no,no,no,yes,abstained
republican,no,no,no,yes,yes,no,no,no,no,no,no,yes,yes,yes,no,yes
republican,no,yes,no,yes,yes,yes,no,no,no,yes,no,abstained,yes,yes,no,no
republican,no,abstained,no,yes,yes,yes,no,no,no,no,no,yes,yes,yes,no,yes
democratic,no,no,yes,no,no,yes,yes,yes,yes,no,yes,no,no,yes,yes,yes
democratic,yes,no,yes,no,no,no,yes,yes,yes,no,no,no,no,no,abstained,yes
republican,no,yes,no,yes,yes,yes,no,no,no,no,no,yes,yes,abstained,no,yes
republican,no,yes,yes,yes,yes,yes,yes,no,yes,yes,no,yes,yes,yes,no,yes
republican,no,yes,no,yes,yes,yes,no,no,no,no,no,yes,yes,yes,no,yes
republican,no,yes,no,yes,yes,yes,no,no,yes,yes,no,yes,yes,yes,no,yes
democratic,no,yes,yes,no,no,no,yes,yes,no,no,yes,no,no,no,yes,abstained
republican,no,yes,no,yes,yes,yes,no,no,no,yes,no,yes,yes,yes,no,yes
democratic,no,no,yes,no,no,yes,yes,yes,yes,yes,no,yes,no,yes,yes,abstained
republican,no,no,no,yes,yes,yes,no,no,no,yes,no,yes,no,yes,no,yes
democratic,no,no,yes,no,no,no,yes,yes,yes,no,no,no,no,no,yes,yes
democratic,yes,no,yes,no,no,yes,yes,yes,no,no,no,yes,yes,no,no,yes
democratic,yes,yes,yes,no,no,no,yes,yes,abstained,yes,no,no,no,no,yes,abstained
republican,no,no,no,yes,yes,yes,yes,no,no,yes,no,no,no,yes,yes,yes
republican,no,no,no,yes,no,yes,yes,abstained,yes,no,no,yes,yes,yes,no,yes
democratic,yes,no,yes,no,no,no,yes,yes,yes,yes,yes,no,no,yes,yes,yes
republican,no,no,no,no,yes,yes,yes,no,no,no,no,abstained,no,yes,yes,yes
democratic,no,yes,yes,no,no,no,yes,yes,abstained,yes,no,no,yes,no,yes,yes
democratic,yes,no,yes,no,no,no,no,yes,yes,yes,no,no,no,no,yes,yes
democratic,yes,no,yes,no,no,no,yes,yes,yes,yes,yes,no,no,no,yes,yes
democratic,no,no,yes,no,yes,no,yes,yes,yes,no,no,no,no,yes,abstained,yes
republican,no,yes,no,yes,yes,yes,abstained,no,no,no,no,abstained,yes,yes,no,no
republican,abstained,abstained,abstained,abstained,abstained,abstained,abstained,abstained,abstained,abstained,abstained,abstained,abstained,abstained,abstained,abstained
democratic,yes,no,yes,no,no,no,yes,yes,abstained,no,yes,no,no,no,yes,yes
republican,no,yes,no,yes,yes,yes,no,no,no,no,no,yes,yes,yes,no,no
republican,no,yes,no,yes,yes,yes,no,no,no,no,no,yes,yes,yes,no,no
democratic,yes,yes,yes,no,no,yes,yes,yes,yes,no,no,no,no,no,yes,yes
republican,no,yes,no,yes,yes,yes,no,no,no,no,no,yes,yes,yes,no,yes
democratic,yes,no,yes,no,no,no,yes,yes,yes,yes,no,no,no,no,no,yes
democratic,yes,no,yes,no,no,no,yes,yes,yes,yes,no,no,no,yes,yes,yes
republican,no,no,no,yes,yes,no,no,no,no,no,no,yes,no,yes,no,no
republican,no,no,no,yes,yes,no,no,no,no,no,no,yes,no,yes,abstained,yes
democratic,no,no,yes,no,no,no,yes,yes,yes,no,yes,no,no,no,yes,yes
democratic,yes,no,yes,no,no,no,yes,yes,yes,no,no,no,no,no,no,yes
democratic,yes,no,yes,no,no,no,yes,yes,yes,yes,no,no,no,no,no,yes
democratic,yes,no,yes,no,no,abstained,yes,yes,yes,no,abstained,abstained,no,abstained,abstained,abstained
democratic,yes,no,yes,no,no,no,yes,yes,yes,yes,no,no,abstained,no,yes,yes
democratic,yes,no,yes,no,no,no,yes,yes,yes,no,no,no,no,no,yes,abstained
democratic,yes,no,yes,no,no,no,yes,yes,yes,no,no,no,no,no,yes,abstained
democratic,yes,no,yes,no,no,no,yes,yes,yes,yes,no,no,no,no,no,yes
republican,no,no,no,yes,yes,yes,no,no,no,yes,no,yes,no,yes,no,yes
republican,yes,no,no,no,no,no,yes,yes,yes,yes,no,no,no,yes,no,yes
democratic,yes,no,yes,no,no,no,yes,yes,yes,no,no,no,no,no,yes,abstained
democratic,yes,no,yes,no,no,no,yes,yes,yes,no,no,no,no,no,no,yes
democratic,yes,yes,yes,no,no,no,yes,yes,yes,no,no,no,no,no,yes,yes
democratic,no,yes,yes,no,no,yes,yes,yes,yes,no,abstained,no,no,no,no,yes
democratic,yes,no,yes,no,no,no,yes,yes,yes,yes,no,no,no,no,yes,abstained
republican,no,no,no,yes,yes,no,yes,yes,no,yes,no,yes,yes,yes,abstained,yes
republican,yes,no,no,yes,yes,no,yes,no,no,yes,no,no,no,yes,yes,yes
democratic,no,no,yes,no,yes,yes,no,no,no,no,abstained,no,yes,yes,no,no
republican,no,no,no,yes,yes,yes,no,no,no,no,no,yes,yes,yes,yes,no
republican,no,no,yes,yes,yes,yes,yes,yes,no,yes,no,no,no,yes,no,yes
republican,no,no,no,yes,yes,yes,no,no,no,no,no,yes,yes,yes,no,yes
republican,no,no,no,yes,yes,yes,no,no,no,yes,no,yes,yes,yes,no,no
democratic,no,no,yes,no,no,no,yes,yes,yes,yes,no,no,no,yes,no,yes
republican,yes,no,yes,yes,yes,yes,yes,yes,no,no,no,no,no,yes,no,abstained
republican,yes,no,no,yes,yes,yes,no,no,no,yes,no,abstained,yes,yes,no,no
republican,no,no,no,yes,yes,yes,no,no,no,no,no,yes,yes,yes,no,yes
democratic,no,no,yes,no,no,yes,yes,yes,yes,yes,yes,no,no,no,abstained,yes
democratic,no,no,yes,no,no,yes,yes,yes,yes,yes,yes,no,no,no,yes,yes
democratic,no,no,yes,no,no,yes,abstained,yes,abstained,yes,yes,yes,no,yes,yes,abstained
democratic,yes,yes,yes,abstained,no,yes,yes,yes,yes,no,yes,no,yes,no,abstained,yes
democratic,yes,yes,yes,no,yes,yes,no,yes,no,yes,yes,no,yes,yes,yes,yes
democratic,yes,yes,yes,no,yes,yes,no,yes,no,yes,yes,no,yes,yes,no,abstained
democratic,yes,no,yes,no,abstained,yes,abstained,yes,yes,yes,no,no,yes,yes,no,yes
democratic,yes,no,yes,no,no,yes,yes,yes,yes,yes,no,abstained,no,yes,no,yes
democratic,yes,no,yes,no,no,yes,yes,yes,no,yes,yes,no,yes,yes,yes,yes
democratic,yes,yes,yes,no,no,yes,yes,yes,yes,yes,yes,no,yes,yes,yes,yes
democratic,no,yes,yes,no,no,yes,yes,yes,no,yes,yes,no,yes,yes,no,abstained
republican,no,yes,no,yes,yes,yes,abstained,abstained,no,yes,no,yes,abstained,abstained,abstained,abstained
republican,no,no,yes,yes,yes,yes,no,no,no,yes,no,yes,yes,yes,yes,yes
democratic,yes,yes,yes,no,no,yes,yes,yes,yes,yes,no,no,abstained,no,yes,abstained
democratic,no,yes,no,no,no,no,yes,yes,yes,yes,yes,no,no,no,yes,yes
democratic,no,yes,yes,no,no,yes,yes,yes,yes,yes,no,no,yes,yes,yes,yes
republican,no,no,no,yes,yes,no,yes,yes,yes,yes,no,yes,yes,yes,no,yes
democratic,no,no,abstained,no,no,yes,yes,yes,yes,no,no,no,no,no,yes,yes
republican,no,no,no,yes,yes,yes,yes,no,no,yes,no,yes,yes,yes,no,yes
republican,no,no,no,yes,yes,yes,no,no,no,no,no,yes,yes,yes,no,no
republican,no,yes,no,yes,yes,yes,no,no,no,yes,no,yes,yes,yes,no,abstained
republican,no,no,no,yes,yes,yes,no,no,no,yes,no,yes,yes,yes,no,no
republican,no,no,no,yes,yes,yes,no,no,no,no,no,yes,yes,yes,no,no
democratic,yes,no,yes,no,no,yes,yes,yes,yes,no,no,no,no,yes,no,abstained
republican,no,no,no,yes,yes,yes,no,no,no,yes,no,yes,yes,yes,no,no
democratic,yes,no,no,no,no,yes,yes,yes,yes,yes,no,no,no,yes,yes,yes
republican,no,no,no,yes,yes,yes,no,no,no,yes,no,yes,yes,yes,yes,no
democratic,no,no,yes,no,no,yes,yes,yes,yes,yes,no,no,yes,no,no,yes
democratic,yes,yes,yes,no,no,no,yes,yes,yes,yes,no,no,no,no,yes,yes
republican,no,yes,yes,yes,yes,yes,no,no,no,yes,no,yes,yes,yes,no,yes
republican,no,yes,no,yes,yes,yes,yes,yes,no,no,yes,yes,yes,yes,yes,yes
republican,no,yes,yes,yes,yes,yes,yes,abstained,no,no,no,no,abstained,abstained,yes,abstained
democratic,no,no,no,no,no,yes,no,yes,yes,no,yes,yes,yes,yes,yes,no
democratic,yes,no,no,no,no,no,yes,yes,yes,yes,no,no,no,no,yes,yes
democratic,no,no,yes,no,no,no,yes,yes,yes,no,no,no,no,no,yes,abstained
democratic,yes,no,yes,no,no,no,yes,yes,yes,no,no,no,no,no,yes,abstained
democratic,no,yes,yes,no,no,yes,no,yes,yes,yes,no,no,yes,yes,no,yes
democratic,yes,yes,yes,no,no,no,yes,yes,yes,yes,no,no,yes,no,no,yes
democratic,yes,yes,yes,no,abstained,yes,no,abstained,no,no,yes,no,yes,yes,no,abstained
democratic,yes,yes,yes,no,yes,yes,no,yes,abstained,yes,no,no,yes,yes,no,abstained
republican,no,yes,no,yes,yes,yes,no,no,no,no,yes,yes,yes,yes,no,no
democratic,no,yes,no,no,yes,yes,no,no,abstained,no,no,yes,yes,yes,no,yes
democratic,yes,yes,no,yes,no,no,yes,yes,yes,no,yes,no,no,yes,no,yes
republican,no,yes,no,yes,yes,yes,no,no,no,no,no,yes,yes,yes,no,yes
democratic,yes,yes,yes,no,no,no,yes,yes,yes,no,yes,no,no,no,no,yes
democratic,yes,abstained,yes,no,no,yes,yes,yes,yes,yes,no,no,no,no,yes,abstained
republican,no,yes,no,yes,yes,yes,no,no,no,yes,no,yes,yes,yes,no,no
democratic,yes,abstained,yes,no,no,no,yes,yes,yes,no,no,no,no,no,yes,abstained
democratic,yes,no,yes,no,no,no,yes,yes,yes,no,yes,no,no,no,yes,abstained
democratic,no,no,yes,no,no,no,yes,yes,yes,no,no,no,no,no,yes,yes
democratic,no,yes,yes,no,no,yes,yes,yes,abstained,no,yes,yes,no,no,yes,yes
republican,no,no,no,yes,yes,yes,no,no,no,yes,yes,yes,yes,yes,no,abstained
democratic,no,no,yes,no,no,yes,yes,yes,no,no,yes,no,no,yes,abstained,yes
democratic,yes,no,yes,no,no,no,yes,yes,yes,no,no,no,no,no,yes,yes
democratic,yes,no,yes,no,no,no,yes,yes,yes,yes,no,no,no,yes,yes,yes
republican,yes,no,no,yes,yes,yes,no,no,no,no,yes,yes,yes,yes,no,no
republican,no,no,no,yes,yes,yes,no,no,no,yes,yes,yes,no,yes,no,yes
democratic,no,abstained,yes,abstained,no,yes,yes,yes,yes,yes,yes,no,abstained,abstained,yes,yes
democratic,no,yes,yes,no,yes,abstained,yes,no,no,yes,yes,no,yes,no,yes,yes
republican,no,no,no,yes,yes,no,yes,no,yes,yes,no,no,no,yes,no,yes
democratic,no,no,yes,no,no,no,yes,yes,yes,yes,yes,no,no,no,yes,yes
republican,no,no,no,yes,yes,yes,yes,no,no,yes,no,yes,no,yes,yes,yes
republican,no,no,no,yes,yes,yes,no,no,no,yes,no,yes,yes,yes,no,yes
republican,yes,no,no,yes,yes,yes,no,no,no,yes,no,yes,yes,yes,no,no
democratic,yes,no,yes,no,no,no,yes,yes,yes,yes,no,yes,no,no,yes,abstained
republican,no,yes,yes,yes,yes,yes,yes,yes,yes,no,no,yes,yes,yes,no,yes
democratic,no,yes,no,no,no,yes,yes,no,yes,no,yes,no,no,no,yes,yes
republican,no,no,yes,yes,yes,yes,yes,yes,yes,yes,no,yes,yes,yes,yes,yes
democratic,no,yes,no,yes,no,yes,yes,yes,yes,no,yes,no,yes,no,yes,abstained
republican,no,no,yes,yes,yes,yes,yes,no,no,yes,yes,yes,yes,yes,no,yes
democratic,no,yes,yes,no,no,yes,yes,yes,yes,yes,no,abstained,no,no,yes,yes
republican,yes,no,yes,yes,no,no,no,yes,yes,yes,no,no,no,yes,yes,yes
republican,no,no,no,yes,yes,yes,no,no,no,no,no,yes,yes,yes,no,no
republican,no,no,no,yes,yes,yes,no,no,no,no,no,yes,yes,yes,no,no
democratic,yes,yes,yes,no,no,yes,yes,yes,yes,yes,yes,yes,yes,yes,no,abstained
republican,no,no,no,yes,yes,yes,no,no,no,yes,abstained,yes,yes,yes,no,yes
democratic,yes,no,yes,no,no,yes,yes,yes,yes,yes,no,no,yes,no,no,yes
democratic,yes,no,yes,no,yes,yes,yes,no,yes,yes,no,no,yes,yes,no,abstained
democratic,yes,yes,yes,no,no,yes,yes,yes,yes,yes,yes,yes,yes,no,no,yes
republican,yes,yes,no,yes,yes,yes,no,no,no,yes,yes,no,yes,no,no,no
republican,yes,yes,no,yes,yes,yes,no,no,no,no,yes,no,yes,yes,no,yes
democratic,no,yes,no,no,yes,yes,no,no,no,yes,yes,no,yes,yes,no,no
democratic,yes,no,yes,no,no,no,yes,yes,no,yes,yes,no,no,no,no,abstained
democratic,yes,yes,yes,no,yes,yes,yes,yes,no,yes,yes,no,no,no,yes,abstained
democratic,no,yes,yes,no,no,yes,yes,yes,no,yes,no,no,no,no,yes,yes
republican,no,yes,no,yes,yes,yes,no,no,no,no,no,no,yes,yes,no,yes
democratic,yes,yes,yes,no,abstained,yes,yes,yes,no,yes,abstained,abstained,no,no,yes,yes
democratic,yes,yes,yes,no,abstained,no,yes,yes,yes,yes,no,no,no,no,yes,abstained
democratic,no,yes,yes,yes,yes,yes,no,no,no,no,yes,yes,abstained,yes,no,no
democratic,no,yes,yes,abstained,yes,yes,no,yes,no,yes,abstained,no,yes,yes,abstained,yes
republican,no,yes,no,yes,yes,yes,no,no,no,no,no,yes,yes,yes,no,yes
democratic,no,yes,no,yes,yes,yes,no,no,no,no,yes,yes,no,yes,no,no
democratic,yes,abstained,yes,no,no,no,yes,yes,yes,no,yes,no,no,no,yes,yes
republican,no,yes,no,yes,yes,yes,abstained,abstained,no,no,abstained,abstained,yes,abstained,abstained,abstained
republican,no,no,no,yes,yes,yes,no,no,no,no,no,yes,yes,yes,no,yes
republican,no,no,no,yes,yes,yes,no,no,no,no,no,yes,yes,yes,no,yes
democratic,yes,yes,yes,no,no,yes,abstained,yes,yes,no,yes,no,yes,no,yes,yes
democratic,yes,yes,yes,no,yes,yes,yes,yes,yes,yes,yes,no,yes,yes,no,abstained
democratic,yes,yes,no,yes,yes,yes,no,no,no,no,yes,no,yes,yes,no,abstained
democratic,yes,yes,yes,no,yes,yes,no,yes,yes,yes,yes,no,no,no,no,yes
democratic,yes,yes,yes,yes,yes,yes,no,no,no,no,yes,yes,yes,yes,no,yes
democratic,yes,yes,no,no,yes,yes,no,no,no,no,yes,yes,yes,yes,yes,no
democratic,no,abstained,yes,no,yes,yes,no,yes,no,no,yes,no,no,no,no,abstained
democratic,yes,yes,yes,no,yes,yes,no,yes,yes,no,yes,no,no,yes,no,abstained
democratic,no,yes,yes,yes,yes,yes,no,no,no,no,no,yes,yes,yes,no,abstained
democratic,yes,no,yes,no,no,no,yes,yes,yes,abstained,yes,no,no,no,yes,abstained
democratic,abstained,abstained,no,no,abstained,yes,abstained,no,no,no,yes,yes,no,yes,no,abstained
democratic,yes,yes,no,no,no,no,no,yes,yes,no,yes,no,no,no,yes,no
republican,yes,yes,no,yes,yes,yes,no,no,no,no,yes,yes,yes,yes,no,yes
republican,abstained,abstained,abstained,abstained,no,yes,no,yes,yes,no,no,yes,yes,no,no,abstained
democratic,yes,yes,abstained,abstained,abstained,yes,no,no,no,no,yes,no,yes,no,no,yes
democratic,yes,yes,yes,abstained,no,no,no,yes,no,no,yes,abstained,no,no,yes,yes
democratic,yes,yes,yes,no,yes,yes,no,yes,no,no,yes,no,yes,no,yes,yes
democratic,yes,yes,no,no,yes,abstained,no,no,no,no,yes,no,yes,yes,no,yes
democratic,no,yes,yes,no,yes,yes,no,yes,no,no,no,no,no,no,no,yes
republican,no,yes,no,yes,abstained,yes,no,no,no,yes,no,yes,yes,yes,no,no
republican,no,yes,no,yes,yes,yes,no,abstained,no,no,abstained,abstained,abstained,yes,no,abstained
republican,no,yes,no,yes,yes,yes,no,no,no,yes,yes,yes,yes,yes,no,no
republican,abstained,no,yes,yes,no,yes,yes,yes,yes,yes,no,yes,no,yes,no,yes
republican,no,yes,no,yes,yes,yes,no,no,no,yes,no,yes,abstained,yes,no,no
republican,yes,yes,no,yes,yes,yes,no,no,no,yes,no,yes,yes,yes,no,yes
republican,no,no,no,yes,yes,yes,no,no,no,no,no,yes,yes,yes,no,yes
democratic,yes,no,yes,no,yes,yes,no,no,yes,yes,no,no,yes,yes,no,yes
democratic,no,no,no,yes,yes,yes,no,no,no,no,yes,yes,yes,yes,no,no
democratic,yes,no,yes,no,no,yes,yes,yes,yes,no,no,yes,abstained,yes,yes,yes
republican,no,no,no,yes,yes,yes,no,no,no,no,no,yes,yes,yes,no,no
republican,no,no,no,yes,yes,yes,no,no,no,no,yes,yes,yes,yes,no,yes
democratic,yes,no,yes,no,no,yes,yes,yes,yes,yes,yes,no,no,no,no,yes
republican,no,no,no,yes,yes,yes,no,no,no,yes,no,yes,yes,yes,no,yes
republican,yes,yes,yes,yes,yes,yes,yes,yes,no,yes,abstained,abstained,abstained,yes,no,yes
democratic,yes,yes,yes,no,no,no,yes,yes,yes,no,no,no,no,no,no,yes
democratic,no,yes,yes,no,no,yes,yes,yes,abstained,yes,no,no,no,no,no,yes
republican,yes,yes,no,yes,yes,yes,no,no,no,yes,no,no,yes,yes,no,yes
democratic,yes,yes,yes,no,no,no,yes,yes,yes,yes,yes,no,yes,no,no,yes
democratic,yes,yes,yes,no,no,no,yes,yes,no,yes,no,no,no,no,no,yes
democratic,yes,yes,yes,no,no,no,yes,yes,yes,no,no,no,no,no,no,yes
republican,yes,yes,yes,yes,yes,yes,yes,yes,no,yes,no,no,yes,yes,no,yes
democratic,no,yes,yes,no,yes,yes,yes,yes,no,no,yes,no,yes,no,yes,yes
democratic,no,no,yes,no,no,yes,yes,yes,yes,no,yes,no,no,no,yes,yes
democratic,no,yes,yes,no,no,yes,yes,yes,yes,no,yes,no,no,yes,yes,yes
democratic,no,yes,yes,no,no,abstained,yes,yes,yes,yes,yes,no,abstained,yes,yes,yes
democratic,no,no,yes,no,no,no,yes,yes,no,yes,yes,no,no,no,yes,abstained
democratic,yes,no,yes,no,no,no,yes,yes,yes,yes,no,no,no,no,yes,yes
republican,no,no,no,yes,yes,yes,yes,yes,no,yes,no,yes,yes,yes,no,yes
democratic,abstained,abstained,abstained,no,no,no,yes,yes,yes,yes,no,no,yes,no,yes,yes
democratic,yes,no,yes,no,abstained,no,yes,yes,yes,yes,no,yes,no,abstained,yes,yes
republican,no,no,yes,yes,yes,yes,no,no,yes,yes,no,yes,yes,yes,no,yes
democratic,no,no,yes,no,no,no,yes,yes,yes,yes,no,no,no,no,no,yes
republican,no,abstained,no,yes,yes,yes,no,no,no,no,yes,yes,yes,yes,no,yes
republican,no,no,no,yes,yes,yes,abstained,abstained,abstained,abstained,no,yes,yes,yes,no,yes
republican,no,yes,no,yes,yes,yes,no,no,no,yes,no,yes,yes,yes,abstained,no
