Song Index;Song;Artist;Track No.;AlbumID_Rank;BPM;Energy;Dance;Loud;Valence;Duration;Acoustic;Popularity;Spotify_Song
1;War Pigs / Luke's Wall - 2014 Remaster;Black Sabbath;1;1;183;62;33;-12;42;07:54;22;63;2rd9ETlulTbz6BYZcdvIE1
2;Paranoid - 2016 Remaster;Black Sabbath;2;1;163;66;42;-12;45;02:48;0;68;1Y373MqadDRtclJNdnUXVc
3;Planet Caravan - 2013 Remaster;Black Sabbath;3;1;90;6;37;-29;34;04:29;94;52;2VDg6h3Qr3F8UuFVInQxE6
4;Iron Man - 2014 Remaster;Black Sabbath;4;1;156;79;34;-11;43;05:55;0;66;3IOQZRcEkplCXg6LofKqE9
5;Electric Funeral - 2013 Remaster;Black Sabbath;5;1;125;49;36;-13;28;04:50;43;49;7As8h8LJTMIritB8QwSmqr
6;Hand of Doom - 2013 Remaster;Black Sabbath;6;1;142;57;45;-12;23;07:08;2;46;72YRB6ar59nBsNdnn0cVdD
7;Rat Salad - 2013 Remaster;Black Sabbath;7;1;100;59;51;-14;45;02:31;1;42;2b8xbWvck5yh9vvEogsfqa
8;Jack the Stripper / Fairies Wear Boots - 2013 Remaster;Black Sabbath;8;1;140;66;49;-11;63;06:12;0;49;6EKrBVHDk20hwjYWGPQQlF
9;Battery;Metallica;1;2;97;94;49;-7;39;05:13;0;10;7qRxAH7ZRB2Ita3mebXfR3
10;Master Of Puppets;Metallica;2;2;105;87;54;-8;59;08:36;0;15;5cW3DEWYYv0tXZMwcUZNRg
11;The Thing That Should Not Be;Metallica;3;2;112;78;68;-8;50;06:37;0;3;6ZertsLLGL2puI2Vj5iy5T
12;Welcome Home (Sanitarium);Metallica;4;2;105;83;33;-8;38;06:28;0;8;5Nu6hybktveVXtgD7hDLVD
13;Disposable Heroes;Metallica;5;2;90;94;26;-7;43;08:17;0;3;2CbYOuq9uxqclV21HJaJ4B
14;Leper Messiah;Metallica;6;2;139;85;38;-8;54;05:41;0;0;6yyionnLDzrrSET4pGoFSX
15;Orion (Instrumental);Metallica;7;2;129;69;36;-9;37;08:28;0;5;1J6aXHOMNalN2YGLpVAD7e
16;Damage, Inc.;Metallica;8;2;92;87;38;-9;16;05:30;0;3;5PZ03nZ4rF3dG1QH7NeXMp
17;Rapid Fire;Judas Priest;1;3;135;99;38;-6;26;04:08;0;43;1Ym7220l4W7Yz7Yt26rWSr
18;Metal Gods;Judas Priest;2;3;101;85;58;-7;42;03:58;3;45;0VFfZVCFNe1I2IIChVBR5m
19;Breaking the Law;Judas Priest;3;3;164;96;36;-6;49;02:34;2;68;2RaA6kIcvomt77qlIgGhCT
20;Grinder;Judas Priest;4;3;140;88;44;-5;59;03:58;7;44;54IuIxOITRtbK8cU7fHIQf
21;United;Judas Priest;5;3;85;64;63;-7;72;03:35;28;45;5QJTiFUvKTVEwcDrek3xpU
22;You Don't Have to Be Old to Be Wise;Judas Priest;6;3;136;93;52;-6;50;05:03;1;37;0gJWAXkAbWEbK66D78EZ6C
23;Living After Midnight;Judas Priest;7;3;135;82;61;-6;82;03:30;1;62;0IXpUl1fn2QZcBavfuq0H4
24;The Rage;Judas Priest;8;3;153;75;34;-6;55;04:44;0;37;0Pawjj5J6FltwqbfSjsvyp
25;Steeler;Judas Priest;9;3;105;98;47;-6;44;04:29;0;37;62ckogL6wRdFuiPWV8c1U3
28;Invaders - 1998 Remastered Version;Iron Maiden;1;4;112;96;45;-4;67;03:24;1;0;3TuvYAA1cuKWdXcrtKZTfF
29;Children Of The Damned - 1998 Remastered Version;Iron Maiden;2;4;136;83;31;-6;45;04:36;1;0;1TraIUXla58jdja3yKo3lQ
30;"The Prisoner - Edit;1998 Remastered Version";Iron Maiden;3;4;107;90;34;-5;65;06:03;0;0;5gsa6ix5YC5rD8DfKxmPRV
31;22 Acacia Avenue - 1998 Remastered Version;Iron Maiden;4;4;112;92;30;-5;62;06:36;1;0;5n5q2Z3oZV9XHluXuiDC4D
32;The Number Of The Beast - 1998 Remastered Version;Iron Maiden;5;4;100;92;43;-6;37;04:52;2;2;139RwLyp7r8F9ojvhGF5lC
33;Run to the Hills - 1998 Remastered Version;Iron Maiden;6;4;173;95;23;-5;47;03:54;1;3;0sxYYT48UPkmrDx8p4Hnrl
34;Gangland - 1998 Remastered Version;Iron Maiden;7;4;124;96;29;-5;39;03:49;0;0;2ExquC7ZoaOE9uNsg2c8YM
35;Total Eclipse - 1998 Remastered Version;Iron Maiden;8;4;140;85;38;-6;53;04:26;0;0;5KOHd90fkcnS37GkBUjsdW
37;Black Sabbath - 2014 Remaster;Black Sabbath;1;5;133;43;32;-14;13;06:18;5;48;0xIZPPBfLqQEAj1BLmGrNc
38;The Wizard - 2014 Remaster;Black Sabbath;2;5;101;68;39;-12;36;04:23;3;49;6sjTzevtstOxOMsFsypsEm
39;Wasp / Behind the Wall of Sleep / Bassically / N.I.B. - 2014 Remaster;Black Sabbath;3;5;102;47;38;-12;50;09:44;3;46;4hx9RvP93j79EJLAiyJQoI
40;Wicked World - 2013 Remaster;Black Sabbath;4;5;169;56;30;-12;57;04:45;0;42;7n5JBulRFW7P1WqjhhjbrI
41;A Bit of Finger / Sleeping Village / Warning - 2013 Remaster;Black Sabbath;5;5;136;55;36;-13;34;14:13;8;39;01xU5pDHQ8FfVhEi98UFMY
42;Angel Of Death;Slayer;1;6;106;99;33;-4;8;04:51;0;56;61dTqhd46yMkSWmC5LAh5F
43;Piece By Piece;Slayer;2;6;110;100;47;-4;8;02:03;0;41;13wcFlh4YHlCT0W7FRxWki
44;Necrophobic;Slayer;3;6;124;100;34;-5;19;01:41;0;39;3tpZGughvVt9faNl89jzj4
45;Altar Of Sacrifice;Slayer;4;6;112;100;29;-4;4;02:51;0;40;3ci1aGelb4y8BxI5abOwCH
46;Jesus Saves;Slayer;5;6;110;100;30;-4;6;02:54;0;40;02TnbyTjofMSpDAa1ywHKH
47;Criminally Insane;Slayer;6;6;106;99;40;-5;6;02:23;0;41;2CniHGjlpzDBw3Skj7oplp
48;Reborn;Slayer;7;6;111;100;48;-4;8;02:12;0;35;6InwRCgZgw6WZ1xMUFd0M6
49;Epidemic;Slayer;8;6;98;100;42;-4;12;02:23;0;35;5jhNT1jDBOm6YesxPsKQRX
50;Postmortem;Slayer;9;6;138;99;32;-4;20;03:27;0;43;1WywY6JdJcMlswZpqUPhSM
51;Raining Blood;Slayer;10;6;110;100;30;-4;4;04:14;0;61;01Mpj13vURSO3cCLprPt5T
54;Ace of Spades;Mot?rhead;1;7;140;98;32;-7;23;02:46;0;23;2RVAtBdGQdyD1i22cwf9nx
55;Motorhead - Live Single Version;Mot?rhead;2;7;114;100;31;-6;4;03:37;0;20;7ox32LYI6xk43D8vDPQ7nq
56;Jailbait;Mot?rhead;3;7;77;98;32;-6;4;03:32;0;20;6omIFQD6QoyfLRPZlCsJgB
57;Stay Clean;Mot?rhead;4;7;146;97;35;-5;48;02:40;6;20;1w0KTJxx7Uqxyc8pBjjJVj
58;Too Late Too Late;Mot?rhead;5;7;168;92;30;-11;27;03:24;2;21;5g07vnV7pjEVBc1AHr70sQ
59;Killed by Death;Mot?rhead;6;7;135;95;38;-5;27;04:38;0;57;4W2CRPuOl8wN3aR7QmOmQE
60;Bomber;Mot?rhead;7;7;106;99;37;-11;18;03:40;1;22;0lEDNCGR1vmATSVHSJ55Kn
61;Iron Fist;Mot?rhead;8;7;146;94;28;-9;32;02:51;10;21;6NUlZRYSiPHdNY0VuWXd8T
62;Shine;Mot?rhead;9;7;105;99;36;-5;33;03:11;1;19;7KUbDedhrGzyoYwS1RJqmv
63;Dancing on Your Grave;Mot?rhead;10;7;153;97;17;-5;75;04:27;0;19;1xX6eJtS1lrX0d42XhmSFV
64;Metropolis;Mot?rhead;11;7;109;66;42;-8;6;03:36;0;18;6izelfXlsmHfY5XsYY0PnE
65;Snaggletooth;Mot?rhead;12;7;120;95;23;-7;8;03:52;1;20;3YPjWuN7kOMqmeVjiJcc1U
66;Overkill;Mot?rhead;13;7;119;98;30;-4;7;05:11;0;20;0PvG2QCzWMSuJRSKXFF1uM
67;Please Don't Touch - Performed by HeadGirl;Mot?rhead;14;7;188;100;15;-4;4;02:47;11;17;0uc4eNX3KYXCFimVYQLX5O
68;Stone Dead Forever;Mot?rhead;15;7;106;96;43;-7;36;04:55;12;18;2hGoaYxJYZAid1Waj2EIIK
69;Like a Nightmare;Mot?rhead;16;7;119;94;39;-8;4;04:27;3;16;7eJiScl1JRIJO9kDiQIdee
70;Emergency;Mot?rhead;17;7;124;100;36;-6;4;03:00;0;16;0FR3732fkqnhTnF70VIToc
71;Steal Your Face;Mot?rhead;18;7;107;94;32;-7;24;04:29;0;18;0KtRPsktzLGSKtTII5H56Q
72;Louie Louie;Mot?rhead;19;7;120;70;69;-10;96;02:51;5;17;7pHFPHMkIFRQKNlgsUOX8J
73;No Class;Mot?rhead;20;7;76;89;27;-9;33;02:38;0;17;38zUw56OnFINsjiVTbwKzD
74;Iron Horse - Live from United Kingdom, 1981;Mot?rhead;21;7;101;98;34;-6;15;03:45;0;14;48YmAHg09U3pwcJHthIw0c
75;(We Are) The Roadcrew;Mot?rhead;22;7;132;95;30;-9;18;03:09;0;16;32lgtFb4ROxx7bBnWUa94K
76;Leaving Here - Live;Mot?rhead;23;7;122;98;28;-6;37;03:03;7;13;0Qwwcd3fYKqsF2W4S0bbyW
77;Locomotive;Mot?rhead;24;7;137;97;27;-8;17;03:22;0;19;3R7kM0tYRN1e4Zlfpg7pEP
83;Wake Up Dead - Remastered 2011;Megadeth;1;8;163;99;22;-4;9;03:40;0;35;1I3qfFMraXE0kAPtRERpok
84;The Conjuring - Remastered 2011;Megadeth;2;8;159;99;26;-4;14;05:04;0;33;0pv49erP5wxMZMnprRCqXT
85;Peace Sells - Remastered;Megadeth;3;8;138;93;32;-4;38;04:04;0;57;3090goAxG6IlpCifA8m9xB
86;Devils Island - Remastered 2011;Megadeth;4;8;168;97;17;-3;24;05:06;0;33;009aJqwtazpcpmOW3YbwDx
87;Good Mourning / Black Friday - Remastered;Megadeth;5;8;177;96;17;-4;15;06:41;0;32;36gQBgUJjbRbrMTyQUNl56
88;Bad Omen - Remastered;Megadeth;6;8;141;96;27;-5;14;04:05;0;29;1IbxJ3jbvSLmaecRamvtui
89;I Ain't Superstitious - Remastered;Megadeth;7;8;108;94;25;-3;33;02:46;1;27;43gM0PIvpgqv19nFZWRlN3
90;My Last Words - Remastered;Megadeth;8;8;137;98;22;-4;29;04:49;0;31;6VdoivAOy8oRR6Pmpw4Ux4
104;I Don't Know - Remastered;Ozzy Osbourne;1;9;135;91;44;-6;28;05:17;44;47;1cDu1ZVtBExJYohWBellWs
105;Crazy Train - Remastered;Ozzy Osbourne;2;9;138;91;45;-4;47;04:56;36;75;2b9lp5A6CqSzwOrBfAFhof
106;Goodbye to Romance - Remastered;Ozzy Osbourne;3;9;138;51;46;-7;52;05:36;71;48;5VPFRHGKvV0dENWfOS13qp
107;Dee - Remastered;Ozzy Osbourne;4;9;138;7;57;-19;68;00:50;85;37;1198Lmq0eiMzpJ4ZKzMojn
108;Suicide Solution - Remastered;Ozzy Osbourne;5;9;108;88;43;-5;54;04:19;18;46;64MTLwN6HY8D3i3HRp53Ht
109;Mr. Crowley;Ozzy Osbourne;6;9;108;76;29;-6;36;05:03;20;49;5XfWzGa5zuz88IOYbWNTMa
110;No Bone Movies - Remastered;Ozzy Osbourne;7;9;129;97;47;-5;71;03:53;2;37;7kI3Tk1GuZ1GFUztCMHV7L
111;Revelation (Mother Earth) - Remastered;Ozzy Osbourne;8;9;96;68;31;-7;12;06:09;38;38;6uUY3XrgWgG4kW7wgpc6SB
112;Steal Away (The Night) - Remastered;Ozzy Osbourne;9;9;175;97;14;-4;37;03:30;7;40;69V1o3VINEWqhSFfLBhhIi
116;Mouth for War;Pantera;1;10;157;95;33;-7;63;03:57;0;58;6rkeaQRCWZxwkjhyqgxjXi
117;A New Level;Pantera;2;10;137;87;30;-9;45;03:57;0;54;5Tdx85q8KQIcIZJ9XoHblt
118;Walk;Pantera;3;10;118;70;43;-8;70;05:15;0;71;7fcfNW0XxTWlwVlftzfDOR
119;Fucking Hostile;Pantera;4;10;94;96;48;-10;51;02:49;0;56;5RU50TPTgtxJLFNunUS2p5
120;This Love;Pantera;5;10;105;73;40;-9;30;06:34;0;58;0Yfpc5zHc9pElVCQ1bPlF4
121;Rise;Pantera;6;10;93;89;36;-11;33;04:37;0;49;1GgdgDHlEdmwbCZLLzV4Ik
122;No Good (Attack the Radical);Pantera;7;10;97;91;33;-11;50;04:50;0;48;5q272ZCgwndbAJJhGdG2mI
123;Live in a Hole;Pantera;8;10;124;92;34;-9;32;05:00;0;48;5gUcLzosEDmiPLDpQUKqTP
124;Regular People (Conceit);Pantera;9;10;129;96;30;-9;24;05:28;0;45;0YgOMJldhmvg5mE2H2AbUA
125;By Demons Be Driven;Pantera;10;10;140;79;38;-10;32;04:40;0;45;6Kl2BY1d8KHjOjY3cynftv
126;Hollow;Pantera;11;10;100;69;27;-11;35;05:46;0;56;1lM1ZHTvfKi5CMRjsZ4Sg9
127;Fight Fire With Fire (Remastered);Metallica;1;11;92;99;28;-7;16;04:45;0;52;3eaOnliKh0QdjuDbPAwCLx
128;Ride The Lightning (Remastered);Metallica;2;11;150;97;26;-6;28;06:37;0;52;6yUCeySJMRaSAEsnfqDeZK
129;For Whom The Bell Tolls (Remastered);Metallica;3;11;118;86;52;-6;26;05:10;1;65;17rf2oZYDVymJeYI9ftDXc
130;Fade To Black (Remastered);Metallica;4;11;114;93;26;-7;29;06:57;0;61;4kBsYpQBUbSIQNLTDF7es2
131;Trapped Under Ice (Remastered);Metallica;5;11;163;99;25;-5;6;04:04;0;47;48BSp63VnT4GwK8BxiwdTD
132;Escape (Remastered);Metallica;6;11;144;94;26;-6;53;04:24;0;46;0ybLEwE6TxjCePcIwwZeyJ
133;Creeping Death (Remastered);Metallica;7;11;100;98;30;-5;18;06:36;0;53;3qXEqKdzI3MSGB1FlGMBz5
134;The Call Of Ktulu (Remastered);Metallica;8;11;139;94;30;-8;14;08:53;2;48;5zZ74lczJgFtVCeaS11Fo1
190;The Hellion;Judas Priest;1;12;80;64;8;-7;24;00:40;0;41;0rNlVZUc3L9o9q5YgbOiH3
191;Electric Eye;Judas Priest;2;12;97;95;44;-6;36;03:42;0;56;3kubJ2b1Rad7NXZtnZAZmO
192;Riding on the Wind;Judas Priest;3;12;179;94;22;-5;47;03:10;2;35;4Myj2cmlFC8tsq9cqj082O
193;Bloodstone;Judas Priest;4;12;118;95;40;-6;26;03:51;3;34;0njgMX72ZFD9oZnhpFLsn8
194;(Take These) Chains;Judas Priest;5;12;129;89;44;-6;24;03:05;16;34;4cmi9k5F8aKxDmV4R168Ur
195;Pain and Pleasure;Judas Priest;6;12;81;83;42;-7;51;04:14;0;31;0SUl33t7SeNX6X2v3SmD5l
196;Screaming for Vengeance;Judas Priest;7;12;113;98;38;-5;21;04:43;1;42;1KBCrhaog1gG6PVMdP2H7Q
197;You've Got Another Thing Coming;Judas Priest;8;12;138;83;52;-7;53;05:10;1;64;55cd3NlqktNjhAZcPvaUvk
198;Fever;Judas Priest;9;12;111;70;49;-8;33;05:20;1;32;0pZHWZelcjUZY1CgnHWPUE
199;Devil's Child;Judas Priest;10;12;129;82;49;-6;39;04:47;0;38;023yO3mNjCroyRFGXousmE
206;Prowler - 1998 Remastered Version;Iron Maiden;1;13;93;93;22;-5;34;03:56;0;0;6lXSdhCJlyM3Tv6PBaFo5V
207;Sanctuary - 1998 Remastered Version;Iron Maiden;2;13;113;97;40;-5;63;03:16;18;0;1Fp6rOGfFWS2VraRnhLLnt
208;Remember Tomorrow - 1998 Remastered Version;Iron Maiden;3;13;98;69;26;-8;55;05:29;0;0;17ozNEchVvcGHSd5bWBNH6
209;Running Free - 1998 Remastered Version;Iron Maiden;4;13;171;84;46;-5;77;03:17;0;0;5dtdDxI45qW6GRr2YyC0mX
210;Phantom Of The Opera - 1998 Remastered Version;Iron Maiden;5;13;110;87;32;-6;52;07:08;0;0;25KHFezmoD0qO2eZ48GIEz
211;Transylvania - 1998 Remastered Version;Iron Maiden;6;13;107;98;23;-5;19;04:19;0;0;1aVZyq29FLLdm7MOiCzUcY
212;Strange World - 1998 Remastered Version;Iron Maiden;7;13;126;51;36;-8;21;05:32;2;0;3Yr6gFCbIUiOmrursFovAF
213;Charlotte The Harlot - 1998 Remastered Version;Iron Maiden;8;13;136;94;36;-5;44;04:13;2;0;0Mm8vJP2HYAILhABqJKNjO
215;Wheels of Confusion / The Straightener - 2014 Remaster;Black Sabbath;1;14;117;67;27;-11;53;07:48;0;42;0zALOXEZdMLsuFAW8P8PUC
216;Tomorrow's Dream - 2014 Remaster;Black Sabbath;2;14;111;57;48;-13;35;03:09;5;40;0FnUHRtUgopfEoIVrGfkH0
217;Changes - 2013 Remaster;Black Sabbath;3;14;81;22;29;-13;19;04:42;3;49;3b7wNR330iKhql9dEdbNci
218;FX - 2014 Remaster;Black Sabbath;4;14;158;9;55;-28;9;01:39;99;32;3tZEhhWeo5y5fNZG4ucTPe
219;Supernaut - 2014 Remaster;Black Sabbath;5;14;121;82;38;-10;65;04:31;0;46;1fJTWLZHIAwPdGoBzEYnhp
220;Snowblind - 2014 Remaster;Black Sabbath;6;14;117;75;44;-12;60;05:26;0;47;5w091st8zPd8c01LFzTY8B
221;Cornucopia - 2014 Remaster;Black Sabbath;7;14;143;42;27;-13;19;03:52;22;39;2LvHtTgBgNQq4Rb0Aok859
222;Laguna Sunrise - 2014 Remaster;Black Sabbath;8;14;82;18;33;-17;26;02:50;51;34;28rnaH091tr3WwaP87faiC
223;St. Vitus' Dance - 2014 Remaster;Black Sabbath;9;14;150;50;35;-12;60;02:28;0;34;4N7sL7z89xrHqa3Tml0J56
224;Under the Sun - 2014 Remaster;Black Sabbath;10;14;100;53;33;-12;36;05:50;2;44;0T7zraoBpNHSqwyr40UrNN
225;Over the Mountain;Ozzy Osbourne;1;15;131;87;49;-6;49;04:32;0;55;0i1RTnH2Lj5gTDRU5wtyT2
226;Flying High Again;Ozzy Osbourne;2;15;125;94;32;-6;53;04:44;0;51;3VPcxdwwo9TcjAOYZa5ZrP
227;You Can't Kill Rock and Roll;Ozzy Osbourne;3;15;135;83;33;-7;31;07:00;2;45;2Gv8N5uCG9aACVDfEq7Zcv
228;Believer;Ozzy Osbourne;4;15;101;85;32;-6;37;05:17;1;40;3RorbkQNdbHrHEURfWWohv
229;Little Dolls;Ozzy Osbourne;5;15;107;79;36;-6;80;05:39;1;35;1rrttFOjxzv69Rso3Z87JM
230;Tonight;Ozzy Osbourne;6;15;174;66;22;-7;42;05:51;29;35;5uky9IsIIyRE7BYEWmQiTg
231;S.A.T.O.;Ozzy Osbourne;7;15;111;96;27;-5;23;04:07;0;41;4thwHq3kmSztJYd5gefBCc
232;Diary of a Madman;Ozzy Osbourne;8;15;174;72;25;-7;35;06:16;14;48;6joOV9D7y7TzWQprwrInUh
233;Stand up and Shout;Dio;1;16;109;94;49;-12;34;03:18;0;43;0j7hyKTaetFpKsCgOyGPAI
234;Holy Diver;Dio;2;16;92;90;48;-7;11;05:54;6;61;57fqmDaokbxZ3TaB0jp39q
235;Gypsy;Dio;3;16;118;83;55;-12;51;03:41;0;34;2cZLW5PoX4lpLZAGH5MGHp
236;Caught in the Middle;Dio;4;16;130;79;49;-13;76;04:18;2;37;55NekArnnNyOT0ngtn4fpx
237;Don't Talk to Strangers;Dio;5;16;132;80;35;-12;24;04:55;9;45;0FVDva1nGzMI4IFhb5vrBq
238;Straight Through the Heart;Dio;6;16;95;95;48;-5;57;04:36;2;41;1dlBMzm6CqwQIUQ8PbT3NP
239;Invisible;Dio;7;16;177;80;27;-12;48;05:26;1;33;768sKrvsVZDx1xclzl5pt0
240;Rainbow in the Dark;Dio;8;16;117;95;51;-6;61;04:17;0;60;2PpNgmrS9mAyrkRAwn6YPq
241;Shame on the Night;Dio;9;16;121;65;49;-13;35;05:19;23;35;5Lep4j5Uji39k6QCkbg2DT
242;Evil;Mercyful Fate;1;17;134;95;28;-5;64;04:46;0;0;6LGoJAyN1xAqF3VJZt0MKx
243;Curse Of The Pharaohs;Mercyful Fate;2;17;138;86;33;-6;62;03:57;0;0;2H4Uh7c159cJBmrbekZFFe
244;Into The Coven;Mercyful Fate;3;17;145;90;22;-5;40;05:11;5;0;1tDSa6NFG1DicivflWxD3V
245;At The Sound Of The Demon Bell;Mercyful Fate;4;17;147;91;28;-6;61;05:24;0;0;0WxnojQOnvn7UX8jFlWadE
246;Black Funeral;Mercyful Fate;5;17;136;95;29;-6;33;02:50;0;0;32URIdX9oiJ9uttUuBaAkf
247;Satan's Fall;Mercyful Fate;6;17;84;95;26;-6;31;11:23;0;0;5Gx2EpxEZBPpEiySoHhjRO
248;Melissa;Mercyful Fate;7;17;117;61;29;-9;29;06:42;1;0;4HoqfWhFhjT5fP4HCfhzSF
2000;Aenima;Tool;1;18;;;;;;;;;
249;Holy Wars...The Punishment Due - Remastered 2004;Megadeth;1;19;125;99;33;-4;22;06:33;0;64;5LyRtsQLhcXmy50VXhQXXS
250;Hangar 18 - Remastered 2004;Megadeth;2;19;115;99;25;-4;15;05:11;0;60;6b6uLZsoGhObYexIxnRbIb
251;Take No Prisoners - Remastered 2004;Megadeth;3;19;157;97;31;-4;39;03:27;0;50;1XFSSbQ9fApWNXZMAKllb6
252;Five Magics - Remastered 2004;Megadeth;4;19;175;96;26;-5;20;05:40;0;48;3tISv448Ikxvpq2ZrFyGG2
253;Poison Was The Cure - Remastered 2004;Megadeth;5;19;161;88;28;-7;41;02:57;0;45;6HqnBoikcyjy7I1kbrfhlr
254;Lucretia - Remastered 2004;Megadeth;6;19;98;95;39;-4;41;03:56;0;46;1Bi6Me45Xiqy4kYUGGwBTv
255;Tornado Of Souls - Remastered 2004;Megadeth;7;19;98;98;52;-4;36;05:19;0;62;4E5xVW505akJX0wcKj8Mpd
256;Dawn Patrol - Remastered 2004;Megadeth;8;19;75;71;67;-7;60;01:52;2;44;4NwFxag85AYdCel47a3Yhi
257;Rust In Peace...Polaris - Remastered 2004;Megadeth;9;19;169;97;26;-4;39;05:44;0;49;0803SWqmIJGvZ15B8zsewn
258;My Creation - Remastered 2004;Megadeth;10;19;160;95;46;-4;41;01:37;0;39;6bz32FHJGzO5SFYDnLBmG7
259;Rust In Peace...Polaris - Demo/Remastered 2004;Megadeth;11;19;164;98;29;-6;21;05:26;0;38;0LdJV9yz2o0D1orlvNsf40
260;Holy Wars...The Punishment Due - Demo/Remastered 2004;Megadeth;12;19;131;95;26;-7;47;06:17;0;37;21PU8pLM89CLbj2JPvxNPg
261;Take No Prisoners - Demo/Remastered 2004;Megadeth;13;19;160;100;21;-7;11;03:23;0;36;5tOoS4trxEQ8GGTCAPZ2pe
262;Among The Living;Anthrax;1;20;156;99;31;-10;4;05:17;0;43;0MuJLuEaZuXX8aMBFCrTE4
263;Caught In A Mosh;Anthrax;2;20;106;96;36;-12;13;05:00;0;36;4fjWStUaP7aXdT0d3YxvPo
264;I Am The Law;Anthrax;3;20;154;93;36;-12;31;05:54;0;34;5DlKTTcN9LNisy6x4QuWzs
265;Efilnikufesin (N.F.L.);Anthrax;4;20;103;93;51;-13;40;04:55;0;37;0mN2Zf1wnsD0rg2mT4939P
266;A Skeleton In The Closet;Anthrax;5;20;100;96;54;-13;19;05:29;0;36;1oRpKSMCFZq2MVVJF9RjB1
267;Indians;Anthrax;6;20;105;94;38;-10;53;05:41;0;55;1fcyfC1KLSWVCIvALR5AxS
268;One World;Anthrax;7;20;100;100;28;-9;11;05:56;0;33;4OjWB25SNdt9VfaTC5z2Fp
269;Medley: A.D.I. / Horror Of It All;Anthrax;8;20;165;93;30;-11;39;07:49;0;29;12rk57LzvJAguSYIP4SHgZ
270;Imitation Of Life;Anthrax;9;20;110;98;36;-11;10;04:23;0;32;20GAr2lqK1tICtkKCb8uBn
271;Blackened;Metallica;1;21;129;80;44;-9;48;06:41;0;5;0M1pfDTZGWC7cBuEx3FwwT
272;...And Justice For All;Metallica;2;21;87;80;54;-7;40;09:47;0;4;0ep7UTGw3F9VkN9FV52En3
273;Eye Of The Beholder;Metallica;3;21;122;81;65;-9;57;06:30;0;3;4pXvTZTJW5idks8XNc43jj
274;One;Metallica;4;21;106;70;44;-9;42;07:27;0;14;3sRZqCxbnwiKKPe57WoT6S
275;The Shortest Straw;Metallica;5;21;142;89;44;-9;57;06:36;0;3;3R7ajqVVdwGHAdLL1dK5cl
276;Harvester Of Sorrow;Metallica;6;21;93;84;66;-9;59;05:44;0;5;3IolN0Ae207i0Fr9IHuNbu
277;The Frayed Ends Of Sanity;Metallica;7;21;94;86;45;-9;70;07:44;0;1;3GpWAuHTJn6BLzTQBrcBqY
278;To Live Is To Die;Metallica;8;21;104;61;44;-10;37;09:49;0;1;1kI7gQPOHJRrQWMyDvYdUW
279;Dyers Eve;Metallica;9;21;95;93;40;-8;70;05:13;0;0;4bAQzjDk9ONZ8gvm5YKEGE
280;Live Wire;M?tley Cr?e;1;22;112;90;42;-7;67;03:15;0;65;06EC9TibZK2mACTZ2usK1h
281;Come On And Dance;M?tley Cr?e;2;22;144;92;35;-6;90;02:46;0;46;03yzjGJszGD5tK1l7KRjnF
282;Public Enemy #1;M?tley Cr?e;3;22;140;86;48;-6;91;04:22;0;45;1KO5SWdKfse0958CvWwhvn
283;Merry-Go-Round;M?tley Cr?e;4;22;121;74;40;-7;49;03:21;2;48;0AGGMSNh1ZtfVjU8MRvIva
284;Take Me To The Top;M?tley Cr?e;5;22;149;82;29;-7;55;03:44;0;61;4jLTF119PfzzJoaNuj3d2p
285;Piece Of Your Action;M?tley Cr?e;6;22;134;90;45;-6;64;04:39;0;51;0QjvWqhZbpkDhV5pjkkv6P
286;Starry Eyes;M?tley Cr?e;7;22;137;80;54;-6;75;04:28;0;50;72NC1AEbaEfLVYkSFj5wLu
287;Too Fast For Love;M?tley Cr?e;8;22;150;86;40;-6;79;03:23;0;54;4PDNOmMej8sc1mkiZfvW9w
288;On With The Show;M?tley Cr?e;9;22;150;88;34;-6;75;04:07;0;53;7bPZaF93ylk8TCAdJmZlPX
289;Toast Of The Town;M?tley Cr?e;10;22;142;97;45;-5;75;03:35;0;41;6JVN9Fc4xBM3Feym7weuGR
294;Twist Of Cain;Danzig;1;23;119;66;53;-9;36;04:18;1;49;25ZH79eefRHT8CUo15UFjo
295;Not Of This World;Danzig;2;23;145;80;35;-10;23;03:42;0;40;0SKCDIidMcl8w15h2PCSLd
296;She Rides;Danzig;3;23;111;62;60;-11;27;05:11;0;46;55zS77GXRmwsiyIqVkkT7O
297;Soul On Fire;Danzig;4;23;142;61;45;-10;26;04:37;0;41;7gRwyXvNaXCNC9lZnDC38p
298;Am I Demon;Danzig;5;23;134;92;38;-9;35;04:57;0;54;0kZpg64mTDk3V6jhGGEd7M
299;Mother;Danzig;6;23;149;76;36;-9;45;03:25;1;65;7txxAtOMwLLnQTpKeBL6bp
300;Possession;Danzig;7;23;135;73;44;-10;22;03:56;0;37;4h9aHPj4VUQW7FdyzPjovK
301;End Of Time;Danzig;8;23;122;60;42;-10;17;04:03;1;36;6S0ui5AFgMmY1SIvTdl5XH
302;The Hunter;Danzig;9;23;146;82;47;-10;40;03:32;0;36;2ItDzQSDNn9DRYmL1hRTRM
303;Evil Thing;Danzig;10;23;169;67;39;-10;31;03:16;1;35;3Wsg2Z3HOp5lq8vTGF36QB
304;Bombtrack;Rage Against The Machine;1;24;152;93;46;-3;57;04:03;2;63;2rBHnIxbhkMGLpqmsNX91M
305;Killing In The Name;Rage Against The Machine;2;24;89;83;47;-4;66;05:14;3;77;59WN2psjkt1tyaxjspN8fp
306;Take The Power Back;Rage Against The Machine;3;24;106;91;62;-4;29;05:36;7;58;25CbtOzU8Pn17SAaXFjIR3
307;Settle For Nothing;Rage Against The Machine;4;24;98;65;50;-5;30;04:47;3;47;1CbG6oKKrYEw3W1DnddDFv
308;Bullet In The Head;Rage Against The Machine;5;24;163;86;43;-4;40;05:07;1;57;1WWgMk8nD79p8VeKFGYrOw
309;Know Your Enemy;Rage Against The Machine;6;24;117;86;57;-4;62;04:55;1;61;1XTGyfJeMiZXrZ1W3NolcB
310;Wake Up;Rage Against The Machine;7;24;170;89;41;-4;51;06:04;1;63;2QiqwOVUctPRVggO9G1Zs5
311;Fistful Of Steel;Rage Against The Machine;8;24;156;83;53;-6;59;05:31;2;49;67qdozSgFFHL6VGW85KmtD
312;Township Rebellion;Rage Against The Machine;9;24;134;70;54;-5;44;05:24;1;47;4BOOsIe7Zx3SKJAEXgt1YH
313;Freedom;Rage Against The Machine;10;24;112;68;50;-6;50;06:06;0;52;48lQegoLqGAzaRLnMwK0mO
329;Enter Sandman;Metallica;1;25;123;82;58;-9;64;05:32;0;23;5BIMPccDwShpXq784RJlJp
330;Sad But True;Metallica;2;25;89;85;63;-6;43;05:25;0;13;1Ug98CRiQYu7wiSym4uLY4
331;Holier Than Thou;Metallica;3;25;172;96;48;-6;35;03:48;0;4;1kaB0BvQEmwHeAzNh4jziT
332;The Unforgiven;Metallica;4;25;139;60;54;-10;25;06:27;1;15;2lF8jQFhIjpmQa501sYXxR
333;Wherever I May Roam;Metallica;5;25;131;82;55;-8;36;06:44;0;9;49rcSzMayJhIwGf0CJCaxJ
334;Don't Tread On Me;Metallica;6;25;108;83;67;-8;68;04:00;0;4;0PDThNPaf3ganx4PFmGznK
335;Through The Never;Metallica;7;25;94;93;39;-7;52;04:04;1;4;0K8hmlY7fVZLRp3R1JnWLT
336;Nothing Else Matters;Metallica;8;25;142;36;56;-11;17;06:29;5;25;10igKaIKsSB6ZnWxPxPvKO
337;Of Wolf And Man;Metallica;9;25;122;75;63;-8;47;04:17;0;4;1cojSYj0ugS7tmcwKIxMX4
338;The God That Failed;Metallica;10;25;83;80;56;-7;43;05:09;0;1;0h26wQZD5GoSvK5zZuv69E
339;My Friend Of Misery;Metallica;11;25;120;82;58;-8;36;06:50;0;2;6YwqziI3H71IMishKRTHHg
340;The Struggle Within;Metallica;12;25;99;92;48;-7;51;03:54;0;1;6RlsFZUCF3bU4NE7BjpDXr
341;Them Bones;Alice In Chains;1;26;165;95;16;-6;31;02:29;2;63;4A065x9kJt955eGVqf813g
342;Dam That River;Alice In Chains;2;26;124;91;43;-6;47;03:09;1;53;22Ntyke0ZDZy2Uuf8BEDkU
343;Rain When I Die;Alice In Chains;3;26;120;86;42;-7;20;06:02;2;52;6a9SPVrXyrlVh5Fh08f8Bz
344;Down In A Hole;Alice In Chains;4;26;97;79;36;-6;42;05:38;1;60;7FRfYOql61DGDp9VPPe2qA
345;Sickman;Alice In Chains;5;26;139;91;29;-6;27;05:29;1;46;5EnYdTx0BWhWM5YDcPkGAa
346;Rooster;Alice In Chains;6;26;144;55;27;-8;20;06:14;3;67;0wvIGFIgbyz4JNwQhZgTv2
347;Junkhead;Alice In Chains;7;26;140;78;31;-7;25;05:10;0;51;1mvEbRAlocvkJvqZIj3zHu
348;Dirt;Alice In Chains;8;26;112;93;26;-6;25;05:17;0;49;2QjkH9q5Mypj6m38u7Ni9o
349;God Smack;Alice In Chains;9;26;124;93;52;-6;39;03:51;1;45;1klrDyGRsCBPofZdqdaZp6
350;Untitled;Alice In Chains;10;26;86;42;11;-7;42;00:43;40;41;2s9xt247uEa0sXmAH0GvL3
351;Hate To Feel;Alice In Chains;11;26;139;91;29;-5;11;05:16;12;45;0rglK8l5QBSADvao8n4d2N
352;Angry Chair;Alice In Chains;12;26;107;94;33;-6;16;04:48;4;50;5jCp5VtcpUlHtW8Dwlx13Y
353;Would?;Alice In Chains;13;26;101;83;31;-8;59;03:27;0;70;5sFDReWLrZHLFZFjHsjUTS
354;Prison Song;System Of A Down;1;27;100;97;50;-3;35;03:21;2;63;3AwLxSqo1jOOMpNsgxqRNE
355;Needles;System Of A Down;2;27;94;98;53;-3;53;03:14;0;58;6V8oQXzymTzpEZOsiBiyJT
356;Deer Dance;System Of A Down;3;27;160;94;45;-4;80;02:55;1;59;2SpGXD7EbexndFmmThrnsy
357;Jet Pilot;System Of A Down;4;27;96;96;42;-4;93;02:06;0;55;0a2kVvbCbk52gmeFQFHNaG
358;X;System Of A Down;5;27;91;95;49;-4;52;01:58;0;55;4HIKcEKSijQLW5YNLsdLzt
359;Chop Suey!;System Of A Down;6;27;127;93;42;-4;29;03:30;0;79;2DlHlPMa4M17kufBvI2lEN
360;Bounce;System Of A Down;7;27;93;98;46;-4;89;01:54;0;57;6dr2T6DRymdT1jfSUxDgut
361;Forest;System Of A Down;8;27;150;91;37;-4;65;04:00;0;58;1B5Y9I5wPfvD3C2A81A36C
362;ATWA;System Of A Down;9;27;87;79;38;-5;37;02:56;0;64;6gCVA6ja6g0foIsWv0RuSZ
363;Science;System Of A Down;10;27;89;85;50;-4;51;02:43;0;56;58lcznIKSNlOVdmklrPA99
364;Shimmy;System Of A Down;11;27;119;96;43;-4;70;01:51;0;56;1a3X8Y882vwSnlnHqf9ztF
365;Toxicity;System Of A Down;12;27;117;87;41;-4;48;03:39;0;77;0snQkGI5qnAmohLE7jTsTn
366;Psycho;System Of A Down;13;27;146;67;47;-4;46;03:46;0;61;6VzV6RI7641o57TuqfGRpj
367;Aerials;System Of A Down;14;27;79;92;36;-4;23;03:55;0;73;4e9eGQYsOiBcftrWXwsVco
369;Human (Intro);Celtic Frost;1;28;48;44;22;-16;4;00:41;92;19;3YCsdyb6McJe5VDtycTvf2
370;Into the Crypts of Rays;Celtic Frost;2;28;170;96;15;-7;26;03:39;0;34;4xQO8MVtFZOW2KJMBuAB2p
371;Visions of Mortality;Celtic Frost;3;28;155;93;18;-7;16;04:49;0;22;4UUCdlHYcQifK8x8qcK3ca
372;Dethroned Emperor;Celtic Frost;4;28;136;91;26;-8;16;04:38;0;28;7LW3MsXbEkJPXcEoiRoFd5
373;Morbid Tales;Celtic Frost;5;28;142;94;18;-7;50;03:29;0;22;0kLm1VTFWFSzmMmcSy7zOz
374;Procreation (Of the Wicked);Celtic Frost;6;28;185;76;27;-7;25;04:05;0;27;1RyEhDluS4uImGan8BuoRh
375;Return to the Eve;Celtic Frost;7;28;135;93;36;-7;32;04:08;0;21;05SuNMmlaYKRbJaN3QZMDg
376;Danse Macabre;Celtic Frost;8;28;82;80;20;-11;3;03:52;39;17;56iyJoi7vW5rKgZwWD4S8v
381;Refuse / Resist;Sepultura;1;29;118;95;48;-7;22;03:19;0;55;2OoS1aZFAFscH1cUiKlazH
382;Territory;Sepultura;2;29;153;95;34;-6;31;04:47;0;54;0QRxtcxL31dRAeiUUuENPu
383;Slave New World;Sepultura;3;29;98;97;34;-6;19;02:56;0;42;39bighg4X08plAXXt9dC7T
384;Amen;Sepultura;4;29;81;95;42;-7;26;04:27;0;36;5ZWkiOzFnu0p9Uzss1U0yh
385;Kaiowas;Sepultura;5;29;92;50;47;-14;27;03:44;11;40;4jTIQTToQuxOTTgOzRyzFh
386;Propaganda;Sepultura;6;29;154;98;36;-6;17;03:33;0;42;5fG7ELU6m0pXeUc7bQUeiQ
387;Biotech Is Godzilla;Sepultura;7;29;118;100;55;-4;4;01:53;0;37;679eYCtqoveynV3bra0Ui3
388;Nomad;Sepultura;8;29;83;96;36;-5;11;04:59;0;35;3MYhRTonhQATwN9gO7RsJL
389;We Who Are Not as Others;Sepultura;9;29;112;98;36;-6;8;03:43;0;33;0uQoYiYkCWrO3b3Xh7uQBx
390;Manifest;Sepultura;10;29;171;98;23;-4;19;04:50;0;33;2wpubb22nXcfktlw8gBfah
391;The Hunt;Sepultura;11;29;184;99;44;-5;13;03:59;0;36;4jV7TPCxNDcR6ILr4DgG9J
392;Clenched Fist;Sepultura;12;29;98;96;29;-5;11;04:59;0;30;5PwU47IWk07Ft9Pjn2Sfuy
397;Blind;Korn;1;30;92;89;28;-8;23;04:18;1;62;1pr9TZGOXeJUggIal1Wq3R
398;Ball Tongue;Korn;2;30;106;88;55;-7;44;04:29;2;48;5pbfZdAP7xUu354ZQBhTS2
399;Need To;Korn;3;30;120;93;41;-6;21;04:01;0;43;6wldBo9HFtco6CX9pbSuSC
400;Clown;Korn;4;30;80;79;46;-7;30;04:37;1;49;3TZuUaGjEtyAiUM9iM89ff
401;Divine;Korn;5;30;124;96;46;-6;42;02:50;1;48;6Ot1jvIoVPAuGRKY8Qxue8
402;Faget;Korn;6;30;88;84;47;-6;44;05:50;2;51;7kVrQ79jg4nd1r6H9CrmIk
403;Shoots and Ladders;Korn;7;30;94;74;28;-10;23;05:22;1;54;3ezGIgTmk2BZy9C3j0x1h9
404;Predictable;Korn;8;30;80;74;39;-6;53;04:33;0;42;4IOTgPMdeLyoHicxxMo2aN
405;Fake;Korn;9;30;98;92;38;-7;16;04:51;0;42;40juCfCdBJjhVEyA2JrcgV
406;Lies;Korn;10;30;125;94;50;-6;48;03:22;0;42;5IXL71UnulglAsz8JvIN0k
407;Helmet in the Bush;Korn;11;30;171;87;56;-8;66;04:03;0;40;25kc8tMREdGVXhChIiCZTR
408;Daddy;Korn;12;30;100;0;45;-10;87;17:31;12;43;2yXGMzha9lltJRjzOCNiCn
409;War Ensemble;Slayer;1;31;103;99;35;-4;9;04:52;0;46;7fSOpoZTwCmS8FON3g5M4O
410;Blood Red;Slayer;2;31;133;98;41;-4;34;02:48;0;34;6arwi3zmmfqvzHZoMSe8dw
411;Spirit In Black;Slayer;3;31;109;100;39;-4;4;04:07;0;38;5PQhijtKTKgiKiyj8xolWn
412;Expendable Youth;Slayer;4;31;109;99;49;-5;19;04:10;0;36;5GDTUjNwfVJJl9h9pMbU5Q
413;Dead Skin Mask;Slayer;5;31;110;99;37;-4;6;05:21;0;47;2L2XquxTZBmzzNBCPCzq0p
414;Hallowed Point;Slayer;6;31;109;100;30;-4;10;03:24;0;32;6OPFmrCzRpOllIEqBRm2Gd
415;Skeletons Of Society;Slayer;7;31;107;98;49;-4;35;04:40;0;42;7HMx2CM0535iwluDCKYWm1
416;Temptation;Slayer;8;31;82;99;26;-4;24;03:26;0;32;6YgNMZjzPaC2kS1jeeCDAz
417;Born Of Fire;Slayer;9;31;107;99;31;-4;26;03:08;0;31;0fiC7mNdgRsBUAnOo9sIbe
418;Seasons In The Abyss;Slayer;10;31;152;97;26;-4;20;06:34;0;50;59LtYLCNkesFkV3S4NhQyh
419;Hole in the Sky - 2014 Remaster;Black Sabbath;1;32;116;76;38;-10;40;03:59;0;41;0nZo81fP0160JSlseejfX6
420;Don't Start (Too Late) - 2013 Remaster;Black Sabbath;2;32;137;4;37;-34;38;00:49;91;30;57AKaqMXi2wwU2omItTYWi
421;Symptom of the Universe - 2013 Remaster;Black Sabbath;3;32;178;64;28;-13;47;06:29;5;45;7lwCPihf6s0609Q5uBjXrF
422;Megalomania - 2013 Remaster;Black Sabbath;4;32;143;64;28;-11;30;09:42;1;40;1FvKmY6ZfUKUtcBXMlb1w8
423;The Thrill of it All - 2013 Remaster;Black Sabbath;5;32;138;61;30;-11;60;05:56;0;34;77MJd5MgnnMiHt1fYMM6Oh
424;Supertzar - 2013 Remaster;Black Sabbath;6;32;80;45;26;-14;30;03:44;85;30;48oEdT2SQwD7KX8Na70Omy
425;Am I Going Insane - 2013 Remaster;Black Sabbath;7;32;135;62;33;-13;39;04:14;1;30;5AZxbX5Qf1qjh1Kg9oX5ww
426;The Writ - 2013 Remaster;Black Sabbath;8;32;121;50;33;-14;15;08:45;3;33;7ArM7xm1YLiXzPxDlFRARB
427;Skin O' My Teeth - Remastered;Megadeth;1;33;99;94;55;-6;60;03:16;0;48;7EFho37SrizYaQ2NVxLejd
428;Symphony Of Destruction;Megadeth;2;33;140;89;61;-5;51;04:07;0;68;51TG9W3y9qyO8BY5RXKgnZ
429;Architecture Of Aggression;Megadeth;3;33;95;97;54;-7;50;03:40;0;45;1BbocHcTYAu0wCS4NqgRsI
430;Foreclosure Of A Dream - Remastered;Megadeth;4;33;137;90;40;-5;29;04:22;0;45;4goJhfQRbNfYybpYf9xmbL
431;Sweating Bullets - Remastered 2004;Megadeth;5;33;70;86;33;-7;65;05:27;0;55;6i7IXg8j7ZngiEOgBYjkhw
432;This Was My Life;Megadeth;6;33;135;89;57;-5;70;03:43;0;41;0Ad43GBuMZqdInDrwp2HHL
433;Countdown To Extinction;Megadeth;7;33;129;86;48;-6;31;04:19;0;47;1Mt6BsusgJJln2FMyGFLg1
434;High Speed Dirt;Megadeth;8;33;185;95;45;-5;63;04:21;0;41;0rzFlOXHVVmL8CvXPL0Fb3
435;Psychotron;Megadeth;9;33;129;95;61;-6;68;04:42;0;39;6HyVffzF6uXt9NHMgEkQpJ
436;Captive Honour;Megadeth;10;33;183;95;29;-5;33;04:15;0;39;3hUTwUiS7H79Po2hnErd8H
437;Ashes In Your Mouth - Remastered;Megadeth;11;33;145;97;36;-5;49;06:15;0;40;2Fkgr7LZTAjakkceB7PwN5
442;Sweet Leaf - 2014 Remaster;Black Sabbath;1;34;148;60;36;-12;66;05:05;0;54;2FZ0yrA5aPClG5ZPBlV7n4
443;After Forever - 2014 Remaster;Black Sabbath;2;34;95;68;39;-13;47;05:26;0;44;3muMI7YXx7JU3yaaJzWVPw
444;Embryo - 2014 Remaster;Black Sabbath;3;34;79;30;76;-11;96;00:28;96;6;1vlEf0z4nKmArCxE13H3UU
445;Children of the Grave - 2014 Remaster;Black Sabbath;4;34;150;65;32;-14;37;05:17;8;57;5clz8BOBulxx7q2yHxqOCk
446;Orchid - 2014 Remaster;Black Sabbath;5;34;101;5;49;-29;63;01:31;75;41;7f5pVscGqWGPmzyAJ3thAI
447;Lord of This World - 2014 Remaster;Black Sabbath;6;34;134;56;40;-13;65;05:25;3;46;3EUJS9hmoZPYCFuUctnfCz
448;Solitude - 2014 Remaster;Black Sabbath;7;34;111;2;34;-29;54;05:02;83;45;0wjptUxT1jhKZ3Xm4lX8OF
449;Into the Void - 2014 Remaster;Black Sabbath;8;34;77;54;40;-14;51;06:10;1;50;3ex9yveBIpssnR6sVvhwiR
450;Hit The Lights (Remastered);Metallica;1;35;161;97;25;-6;29;04:16;0;46;4OH1lqC4mx1ja8RkXMOmRp
451;The Four Horsemen (Remastered);Metallica;2;35;203;94;22;-7;33;07:13;0;52;4YPgTCGJWAlHQ5g6eWoM8r
452;Motorbreath (Remastered);Metallica;3;35;174;94;29;-6;35;03:08;0;46;1QQgmN383kUqjioRoTSfF3
453;Jump In The Fire (Remastered);Metallica;4;35;179;91;29;-6;66;04:41;1;45;1gXXgZzrqexEhWa5Fg7VoA
454;(Anesthesia)--Pulling Teeth (Remastered);Metallica;5;35;99;89;22;-8;13;04:15;0;43;543qcqtmy9eCke65RWRVaQ
455;Whiplash (Remastered);Metallica;6;35;158;91;39;-6;19;04:09;0;48;4k1IS2uF2dGcU3GzOOZqqb
456;Phantom Lord (Remastered);Metallica;7;35;159;97;21;-5;11;05:01;0;42;5piPHieFIgwZjWGwLtIax0
457;No Remorse (Remastered);Metallica;8;35;97;92;30;-6;25;06:27;0;43;7klyZXrpJD8GqVE9QYYy4A
458;Seek & Destroy (Remastered);Metallica;9;35;141;96;44;-6;44;06:55;4;58;5DrNFzZZZVfXaEZCaceKnp
459;Metal Militia (Remastered);Metallica;10;35;176;96;17;-5;24;05:11;0;43;5gQ0LTbcX7gpQDg39gNLH8
460;And the Cradle Will Rock... - 2015 Remaster;Van Halen;1;36;108;93;51;-6;74;03:33;19;48;4MM0jT9z9m7VFiusFrGJ8C
461;Everybody Wants Some!! - 2015 Remaster;Van Halen;2;36;145;77;53;-8;48;05:06;5;51;5TnzOUFWoZHUEtOWlxrIlY
462;Fools - 2015 Remaster;Van Halen;3;36;167;97;22;-7;18;05:56;1;39;4yrlxrNLkM9jVgy8dk04ZZ
463;Romeo Delight - 2015 Remaster;Van Halen;4;36;107;94;45;-7;15;04:19;1;39;0esrXPJGeeXryeRbwbRb6Y
464;Tora! Tora! - 2015 Remaster;Van Halen;5;36;120;87;42;-11;26;00:57;3;30;6gtH78Sys0tZrb1c7m3U6G
465;Loss of Control - 2015 Remaster;Van Halen;6;36;148;97;32;-7;29;02:39;0;32;3NSKNhH7qz1sGsXosrtdWO
466;Take Your Whiskey Home - 2015 Remaster;Van Halen;7;36;100;79;59;-6;70;03:10;5;45;0ial9SvyJt9ksxlxL4sj9b
467;Could This Be Magic? - 2015 Remaster;Van Halen;8;36;120;42;64;-13;54;03:11;74;34;55BdGvf5VRe7eWeWv4ZG3B
468;In a Simple Rhyme - 2015 Remaster;Van Halen;9;36;136;90;33;-7;30;04:40;8;33;2f9y3oDBgVJshhcivXR3mk
469;Neon Knights - 2008 Remaster;Black Sabbath;1;37;191;95;21;-5;60;03:54;0;44;5HliE2uVg7pt9hNnfi0pms
470;Children of the Sea - 2008 Remaster;Black Sabbath;2;37;142;70;41;-8;34;05:35;1;42;2JPgqQuuOprW8STXRRugMW
471;Lady Evil - 2008 Remaster;Black Sabbath;3;37;124;89;58;-6;79;04:26;0;38;1pWlqIZeL0iTzp87nW29U9
472;Heaven and Hell - 2008 Remaster;Black Sabbath;4;37;91;67;33;-8;32;07:00;2;56;3Jl5GohfNwozDmpzmQBLDI
473;Wishing Well - 2008 Remaster;Black Sabbath;5;37;143;93;43;-6;65;04:07;0;34;6CtaPSyIEzRXjvwbPm6FDG
474;Die Young - 2008 Remaster;Black Sabbath;6;37;106;80;32;-8;9;04:45;1;40;2skOSjao8CoSr4oKclrERU
475;Walk Away - 2008 Remaster;Black Sabbath;7;37;120;91;43;-7;72;04:26;1;31;1qlHt8AEJqNmn88ZGqnsot
476;Lonely Is the Word - 2008 Remaster;Black Sabbath;8;37;110;74;43;-8;51;05:51;0;37;2GSOOR5UXdDj9247nxyedO
477;Aces High - 1998 Remastered Version;Iron Maiden;1;38;134;97;30;-5;58;04:29;0;1;6wNF6hphTxhUiAmQG3uzbf
478;2 Minutes to Midnight - 1998 Remaster;Iron Maiden;2;38;95;96;45;-7;54;06:00;0;1;4sAjWbPq6iSI6I0Ovr9CkY
479;Losfer Words (Big 'Orra) - 1998 Remastered Version;Iron Maiden;3;38;156;99;34;-5;39;04:13;0;0;1szyXwRucaH31QJOph4ej8
480;Flash Of The Blade - 1998 Remastered Version;Iron Maiden;4;38;111;98;40;-5;52;04:03;0;0;5neOQat8noAN5rcajrWhzh
481;The Duelists - 1998 Remastered Version;Iron Maiden;5;38;80;97;33;-6;60;06:05;0;0;5o0QctABsWrclcH3f6CDXY
482;Back In The Village - 1998 Remastered Version;Iron Maiden;6;38;133;98;33;-7;30;05:21;0;0;7eUsHcADnDjmkOtMa2It55
483;Powerslave - 1998 Remaster;Iron Maiden;7;38;137;98;31;-6;27;06:48;0;0;1QklCxKx0feqQOIiPOzDEl
484;Rime Of The Ancient Mariner - 1998 Remastered Version;Iron Maiden;8;38;113;94;39;-7;11;13:34;1;0;5zk6Pr95UfgJEtlhE1Dk0N
485;Strength Beyond Strength - 2014 Remaster;Pantera;1;39;108;99;34;-3;33;03:39;0;38;6TGw6QkUsQIcAxfq1EFfjP
486;Becoming - 2014 Remaster;Pantera;2;39;130;95;57;-3;67;03:06;0;39;3iV11AiIEDIOVjKy3kgjld
487;5 Minutes Alone - 2014 Remaster;Pantera;3;39;96;93;50;-4;54;05:48;0;41;5SAEMjVQbmin3g7b0RG6me
488;I'm Broken - 2014 Remaster;Pantera;4;39;149;92;42;-4;67;04:25;0;39;2M5WTwqnkyz7bW6P1CiD6q
489;Good Friends and a Bottle of Pills - 2014 Remaster;Pantera;5;39;112;97;52;-5;15;02:53;2;33;6uSSCz46OONJ3aJdbMyW3M
490;Hard Lines, Sunken Cheeks - 2014 Remaster;Pantera;6;39;102;97;30;-5;20;07:01;0;33;4sfR0Yk2BsOBnyvZrmcAEy
491;Slaughtered - 2014 Remaster;Pantera;7;39;158;99;24;-4;41;03:57;0;36;2iWfqSC03Hhcq0HPxRYe09
492;25 Years - 2014 Remaster;Pantera;8;39;124;98;37;-4;55;06:06;0;33;26tzcyqL1uLhmi7mm46aIU
493;Shedding Skin - 2014 Remaster;Pantera;9;39;146;99;32;-4;33;05:38;0;36;1eajy6fnktZk1rLVYWXr2P
494;Use My Third Arm - 2014 Remaster;Pantera;10;39;121;99;33;-4;13;04:52;0;32;09f12NM8XXy8oy5L1a2uKO
495;Throes of Rejection - 2014 Remaster;Pantera;11;39;135;98;38;-5;20;05:01;0;31;4QWuD7wNoT56ha1lDb9pHg
496;Planet Caravan - 2014 Remaster;Pantera;12;39;172;39;57;-13;36;03:57;75;36;78YknDXAOrz0E9ves11vnK
506;Funeral Fog;Mayhem;1;40;154;96;11;-9;13;05:47;0;7;2lXi7xN0MiTfLb2DW7H9UT
507;Freezing Moon;Mayhem;2;40;93;97;17;-9;9;06:23;0;13;4AP3a7eEOlz5sTJiWnv2C6
508;Cursed in Eternity;Mayhem;3;40;183;84;7;-7;10;05:10;0;3;6tPzKvTfDBA2Lb42qCrlRK
509;Pagan Fears;Mayhem;4;40;150;96;12;-8;6;06:21;0;4;1r20gcDzos0cyDgPSDU2bB
510;Life Eternal;Mayhem;5;40;156;94;11;-7;12;06:57;0;4;577zs2zO9oPz3E3YlVJ90v
511;From the Dark Past;Mayhem;6;40;168;93;10;-7;4;05:27;0;2;4FwEa520KE7llGZqjkM9Aw
512;Buried by Time and Dust;Mayhem;7;40;103;98;16;-8;7;03:34;0;1;6CNeLBj61W5hq1GhewigYp
513;De Mysteriis Dom Sathanas;Mayhem;8;40;180;82;7;-6;4;06:22;0;6;3zjoCDlA31nt9s1QXsEqxr
514;Thumb;Kyuss;1;41;125;60;29;-16;19;04:42;14;40;4G9nfjycMbM4beqEheM145
515;Green Machine;Kyuss;2;41;181;95;34;-9;59;03:38;0;53;6nxHMqTNKWlQnx5AFxz1iX
516;Molten Universe;Kyuss;3;41;168;48;26;-18;13;02:50;3;35;66i8MjAq8kyUobMzo8zYNc
517;50 Million Year Trip (Downside Up);Kyuss;4;41;82;84;20;-11;50;05:49;0;38;1rcdPPsFokyqj8KF51xCHV
518;Thong Song;Kyuss;5;41;94;47;36;-15;45;03:47;0;34;4K9umAd9TkXbPld2Bx4v8c
519;Apothecaries' Weight;Kyuss;6;41;177;51;24;-14;41;05:21;1;33;6ZUsVj3kuS0LY2izJJcymE
520;Caterpillar March;Kyuss;7;41;120;75;21;-15;63;01:56;1;32;7pZzHuO7AmnmJzw4iSR8Mb
521;Freedom Run;Kyuss;8;41;170;55;25;-17;51;07:37;8;33;2lFY4hpaQxPG2HjHzSAUXc
522;800;Kyuss;9;41;177;60;42;-19;52;01:34;16;30;2VIsT3MooNAxWpOLgvQLpL
523;Writhe;Kyuss;10;41;86;66;41;-15;60;03:42;2;33;0ZDXI91Cf66bJRs3oG12xt
524;Capsized;Kyuss;11;41;123;28;66;-20;4;00:56;66;29;4NrOXecpvKxTkN4nbPQ6my
525;Allen's Wrench;Kyuss;12;41;102;66;44;-17;61;02:44;1;31;5Ifvup5EBJ76HrDwQ1645K
526;Mondo Generator;Kyuss;13;41;85;72;18;-15;34;06:16;14;30;6nEC3SbDCB7BgPNU3nXLQh
527;Yeah;Kyuss;14;41;0;0;0;-30;0;00:04;79;0;0s6BnZCanXlkFA3xb9WRT1
2003;The While Album;Diamond Head;1;42;;;;;;;;;
528;Exciter;Judas Priest;1;43;130;88;48;-6;27;05:32;4;39;1d8nkRm5t4DN4X0FMw4Zcs
529;White Heat, Red Hot;Judas Priest;2;43;180;87;29;-7;55;04:19;0;31;3fIibHAv2jMvwOnFdyoVUm
530;Better by You, Better Than Me;Judas Priest;3;43;98;87;56;-6;55;03:23;7;40;0GpBFY4Mb7fZVyQgaWirNG
531;Stained Class;Judas Priest;4;43;138;77;49;-5;40;05:18;28;32;1MTwjkx78JmFLjDp1IPYW7
532;Invader;Judas Priest;5;43;174;82;37;-6;62;04:10;10;29;1G4Tl43gz30UBIxa3eXDMN
533;Saints in Hell;Judas Priest;6;43;97;81;52;-6;54;05:28;1;31;0FO6ryfz00BYNNiJ2ByFIA
534;Savage;Judas Priest;7;43;120;86;58;-6;44;03:27;1;28;71VYeDdr8TTNtevYRpwCry
535;Beyond the Realms of Death;Judas Priest;8;43;174;71;28;-6;54;06:50;4;52;3Rtv6zRNKpeSygXoaF9kCm
536;Heroes End;Judas Priest;9;43;140;88;49;-5;57;04:58;2;29;7hTpo3OWELAWdoVfntUsYY
539;In The Beginning;M?tley Cr?e;1;44;133;67;29;-12;18;01:14;82;40;4ZjGXumt8C1gqLAVtGE55G
540;Shout At The Devil;M?tley Cr?e;2;44;94;95;49;-5;45;03:16;2;68;1hqrYSqvNc9x3BETX1cZhk
541;Looks That Kill;M?tley Cr?e;3;44;136;95;49;-6;73;04:09;0;64;5uRN4EmPA7BWs5f4xsIl0Z
542;Bastard;M?tley Cr?e;4;44;172;96;46;-7;61;02:54;0;49;1VgPtBfimSy1THaB4D6fM9
543;God Bless The Children of the Beast;M?tley Cr?e;5;44;117;36;51;-14;33;01:31;74;40;14wCckwoW9dj8DUyD9nkqc
544;Helter Skelter;M?tley Cr?e;6;44;92;90;40;-5;38;03:12;0;53;0LJjpgy8SBqDKyTlS7RwEy
545;Red Hot;M?tley Cr?e;7;44;117;91;51;-6;62;03:21;3;50;4aVWFGdslXPnyh1GAMy7Pp
546;Too Young To Fall In Love;M?tley Cr?e;8;44;100;81;49;-6;85;03:33;14;57;2rVZC1JG8pBIuUUdrpvjPx
547;Knock 'Em Dead, Kid;M?tley Cr?e;9;44;140;96;57;-6;55;03:43;1;52;6eQJHIrPxZHC3zCHKijXZk
548;Ten Seconds To Love;M?tley Cr?e;10;44;134;93;65;-6;86;04:18;2;53;2ABRY6jgqgSUyS5B1YdNIn
549;Danger;M?tley Cr?e;11;44;119;86;56;-6;56;03:51;3;42;2Xb3ABjlbfadVIKDpp2s9a
550;Bonded by Blood;Exodus;1;45;157;96;18;-6;25;03:44;0;44;2riiohLaKgMFlu4RQT1MPV
551;Exodus;Exodus;2;45;164;95;16;-6;16;04:05;0;35;6RUECis8XuDKjOH001ulDt
552;And Then There Were None;Exodus;3;45;174;97;20;-6;23;04:40;0;36;17sfZVqAniwZgtZAxUv8ym
553;A Lesson in Violence;Exodus;4;45;94;97;24;-5;27;03:49;0;37;7INHJI8QevyNUri2JKinLO
554;Metal Command;Exodus;5;45;154;99;18;-5;8;04:13;0;32;0iNQAtJ1hquiS5SnmXJfox
555;Piranha;Exodus;6;45;95;93;23;-5;32;03:46;0;36;0KK5DBk9cAC1xV7q6K7G1z
556;No Love;Exodus;7;45;165;95;20;-8;8;05:09;0;29;107HMg46yuREPVAZA4wQRQ
557;Deliver Us to Evil;Exodus;8;45;172;95;22;-5;25;07:08;0;29;6Uh2QcYA4iw9GaEwVEgbQJ
558;Strike of the Beast;Exodus;9;45;93;96;27;-5;17;03:57;0;38;3nBbTSjJpTHDyz3D1x1rDu
559;Blood and Thunder;Mastodon;1;46;93;94;36;-7;48;03:49;0;58;3jagGO7eHHuaD53ibehkux
560;I Am Ahab;Mastodon;2;46;140;97;21;-6;34;02:46;0;42;0gr97EET1vP85jcFESMYRK
561;Seabeast;Mastodon;3;46;132;94;26;-8;45;04:15;0;41;4dlsUdGXRe5nkxMIauacJq
562;Island;Mastodon;4;46;81;99;16;-7;27;03:26;0;37;6UQj5lRRVDJfaWpzCLOCAH
563;Iron Tusk;Mastodon;5;46;128;98;47;-6;26;03:03;0;43;7zF8QWnnpQ1xNTWmCdsQCX
564;Megalodon;Mastodon;6;46;131;98;27;-7;37;04:23;0;41;1rLDTmI8quVUsGy9mzrXBx
565;Naked Burn;Mastodon;7;46;158;96;23;-7;62;03:42;0;37;348pOMYZ4f4j8bkbX0hQcZ
566;Aqua Dementia;Mastodon;8;46;168;97;18;-6;19;04:10;0;39;03Gs3eAOlUkCJIsCX63qhD
567;Hearts Alive;Mastodon;9;46;167;95;17;-7;25;13:40;0;36;5ZwXpxkFA2qW0nGCXwpIx4
568;Joseph Merrick - Instrumental;Mastodon;10;46;95;31;48;-14;11;03:33;24;33;10DrDEatayhTM9dx9FIHSF
569;South Of Heaven;Slayer;1;47;139;99;31;-4;4;04:59;0;54;1f2nJKg780VxYIveVq6Xej
570;Silent Scream;Slayer;2;47;98;99;29;-3;21;03:07;0;38;6FUdzKbBoIzJRNzitq4qqE
571;Live Undead;Slayer;3;47;114;99;44;-4;13;03:50;0;33;6DFDTqHD5VGqsFeTGKag2u
572;Behind The Crooked Cross;Slayer;4;47;104;99;36;-4;48;03:15;0;38;2RnWnqnMqBuFosND1hbGjk
573;Mandatory Suicide;Slayer;5;47;148;100;36;-3;28;04:05;0;43;54hjFPLAWMurvAqlh0fifV
574;Ghosts Of War;Slayer;6;47;95;99;27;-3;21;03:53;0;33;65xpIwIluxmO6PBW7c7aqw
575;Read Between The Lies;Slayer;7;47;91;99;50;-4;28;03:20;0;31;1O10NUCUzqL0sTpPJmKi1f
576;Cleanse The Soul;Slayer;8;47;104;100;32;-4;38;03:02;0;30;5QoGVES8fPB92sGi0TpUiT
577;Dissident Aggressor;Slayer;9;47;103;98;37;-4;15;02:35;0;31;6NE2aoRde5lFox3RNuHilx
578;Spill The Blood;Slayer;10;47;77;97;35;-4;23;04:49;0;33;1KlZT1omFpW2pd7k8Z6vth
579;Tarot Woman;Rainbow;1;48;138;88;31;-10;20;05:59;12;39;5NYjaAwqvdUWy44HKXEmyf
580;Run With The Wolf;Rainbow;2;48;166;86;30;-9;66;03:40;0;34;5GZZm1q25YdsLpDVPN6xl4
581;Starstruck;Rainbow;3;48;142;95;47;-9;50;04:06;1;39;64GaIxLU16MP3v3fPabp4f
582;Do You Close Your Eyes;Rainbow;4;48;141;91;39;-8;55;02:59;3;32;7Hjo1qTvVyE4gKWKTa3Zv5
583;Stargazer;Rainbow;5;48;177;95;17;-8;44;08:26;0;56;1aDNYyeU62BuQsBAY18i48
584;A Light In The Black;Rainbow;6;48;109;96;35;-10;15;08:12;0;37;049KSornup3DVwWNxLY9UJ
585;Through Silver In Blood;Neurosis;1;49;127;86;27;-10;10;12:12;0;27;7eyK2gnvdlOwqHv8YH9bK7
586;Rehumanize;Neurosis;2;49;79;52;39;-18;14;01:46;65;22;5BBfllI8hk4r2GK7bWtCzl
587;Eye;Neurosis;3;49;129;79;20;-8;28;05:18;0;24;56bAgMY066gE5GoWAqcxcg
588;Purify;Neurosis;4;49;108;69;25;-10;4;12:18;0;22;7lxlrqS1dCBmdAgXI4cR9P
589;Locust Star;Neurosis;5;49;110;72;29;-9;24;05:49;0;39;1Sb2dgS6ruZnJYNQ3SxLHd
590;Strength of Fates;Neurosis;6;49;78;31;20;-13;18;09:44;1;21;6O3NHOrGfwf7KXM1EsTtHf
591;Become the Ocean;Neurosis;7;49;77;50;18;-22;19;01:27;4;18;1BpIsdibg1tudFkLDPerzQ
592;Aeon;Neurosis;8;49;135;35;27;-12;9;11:44;0;18;1vGmdXBUWksAsi2NlhMNwR
593;Enclosure In Flame;Neurosis;9;49;118;27;32;-12;4;10:19;1;16;6LfseiBqkTtyONP8SztCcD
594;-515;Slipknot;1;50;113;53;31;-12;8;01:00;0;38;4DwUKMDj7MgUMTuyA8ef0n
595;People = Shit;Slipknot;2;50;122;100;46;-3;14;03:36;0;49;3nSK1M29hY2Jg2CjsJe98h
596;Disasterpiece;Slipknot;3;50;108;99;40;-4;19;05:08;0;47;0KtLQRXqcP9qFgxpk4vuiB
597;My Plague;Slipknot;4;50;89;99;28;-3;11;03:40;0;47;4vy4R3a1FfrbG03YacLoER
598;Everything Ends;Slipknot;5;50;115;99;47;-3;32;04:14;0;44;5LRtNztgKF6q7GGTFXuPj2
599;The Heretic Anthem;Slipknot;6;50;101;99;45;-4;14;04:14;0;47;1j3sGUX5GOviHgrJeRqzXu
600;Gently;Slipknot;7;50;137;96;30;-5;20;04:54;0;41;2VZE8io5jR6jb3dv1Ti0yV
601;Left Behind;Slipknot;8;50;157;99;23;-3;12;04:01;0;46;00gZKlWAXM256BvCaUV0qv
602;The Shape;Slipknot;9;50;109;99;36;-3;21;03:38;0;42;7ATMHUvcP3iFQ5GwuZYSAP
603;I Am Hated;Slipknot;10;50;126;99;44;-3;43;02:38;0;42;6KZvgVnO8tKqZAxfnkO1Xb
604;Skin Ticket;Slipknot;11;50;147;96;30;-4;20;06:41;0;40;1auYsGiFsfFVKhvEgK1LRf
605;New Abortion;Slipknot;12;50;112;99;33;-4;16;03:37;0;40;59eJXczMhBQLgHfUnOXblm
606;Metabolic;Slipknot;13;50;98;99;32;-3;26;03:59;0;40;0icVOnDCunkXXDQEpgLMwh
607;Iowa;Slipknot;14;50;174;67;32;-7;34;15:05;0;39;1VQCAHBRlX2gBHTjopYQlS
608;Buried Dreams;Carcass;1;51;137;99;27;-4;20;03:59;0;22;1nS7bYv66OXdVnztWgC4B7
609;Carnal Forge;Carcass;2;51;98;100;20;-4;15;03:55;0;15;3wZ8PurC5ZuHh3YoEy4XB9
610;No Love Lost;Carcass;3;51;83;99;40;-4;36;03:23;0;18;5nWTnbrTqyrMTKcNhHjbY2
611;Heartwork;Carcass;4;51;91;100;20;-5;18;04:33;0;31;1PBhzfzTAZ5qyIfzqPqign
612;Embodiment;Carcass;5;51;77;97;24;-5;57;05:37;0;15;2YUk2CfU6tzPJ7BxS5nCK5
613;This Mortal Coil;Carcass;6;51;86;99;21;-5;24;03:50;0;16;05cTYmrpndJvgPpvt3Mtwv
614;Arbeit Macht Fleisch;Carcass;7;51;101;100;20;-5;16;04:22;0;13;6Y2GFRQMXvrFnOk25W27Zn
615;Blind Bleeding The Blind;Carcass;8;51;104;98;29;-6;15;04:57;0;12;5IRmF5XVNWFlov7i7C3r2c
616;Doctrinal Expletives;Carcass;9;51;140;98;35;-5;41;03:39;0;11;3iqNbLhA9d4VAZ3rDACVTh
617;Death Certificate;Carcass;10;51;98;98;27;-6;38;03:37;0;12;6Otuf5fWOZjhCxdrbpzftN
1240;Rock Rock (Till You Drop);Def Leppard;1;52;133;94;56;-6;45;03:55;0;46;1RBQR8HjZUPLikoIjD67Ep
1241;Photograph;Def Leppard;2;52;124;88;60;-7;62;04:08;0;63;18URo35acNKRTHfEdjTcGn
1242;Stagefright;Def Leppard;3;52;170;94;37;-8;38;03:45;0;39;6wzYsqOkBLqyjyzFRohAFi
1243;Too Late For Love;Def Leppard;4;52;95;81;54;-7;34;04:27;0;50;5vHyWEoEyIJT5RhR1fcN7y
1244;Die Hard The Hunter;Def Leppard;5;52;128;89;51;-8;18;06:16;0;39;7KLg11Zw7jmxRC7CpGKEAR
1245;Foolin';Def Leppard;6;52;114;79;61;-7;47;04:34;0;54;1wv8bYmoqY3TAKKQY3Qn7t
1246;Rock Of Ages;Def Leppard;7;52;106;79;71;-8;64;04:08;1;43;4eXGF4fOubY0IhWieQ0OoF
1247;Comin' Under Fire;Def Leppard;8;52;118;74;62;-7;47;04:15;0;41;3uzikCqfwbnNJ8JhtcJTVP
1248;Action Not Words;Def Leppard;9;52;126;87;58;-6;48;03:49;0;35;6rT6dgUTrCF9HLBwTK75bR
1249;Billy's Got A Gun;Def Leppard;10;52;92;81;60;-8;21;05:56;0;39;33ekOLwD9CszREcPpS6f1K
618;Machine Screw;Type O Negative;1;53;80;83;30;-12;10;00:41;36;23;5VQfpY6p3t46tCXE282tDY
619;Christian Woman;Type O Negative;2;53;90;62;28;-9;13;08:58;15;36;3FP9SIntXfSDYwLdjnhanN
620;Black No. 1 (Little Miss Scare -All);Type O Negative;3;53;95;70;36;-9;41;11:15;4;42;6HtFpG2WX3TfB8oLLua3XJ
621;Fay Wray Come out and Play;Type O Negative;4;53;86;91;33;-14;5;01:03;11;24;7LhkYI8ekN0sEg4ELeoxJQ
622;Kill All the White People;Type O Negative;5;53;95;88;32;-9;31;03:24;0;28;06jxl69T2M7itQNvk4c9oP
623;Summer Breeze;Type O Negative;6;53;128;71;37;-8;35;04:49;2;43;5cDS0AxJMZkAHjuwfUomJI
624;Set Me on Fire;Type O Negative;7;53;103;90;40;-7;52;03:30;0;33;4iwRcNfL0VqwUNtbSQ0hZL
625;Dark Side of the Womb;Type O Negative;8;53;187;47;29;-17;35;00:28;5;0;4ghhm0m3Cxw9tOZCcNnA4s
626;We Hate Everyone;Type O Negative;9;53;127;94;41;-7;20;06:51;1;33;1Wj1gKbroMprxXplNvbtPJ
627;Bloody Kisses (A Death in the Family);Type O Negative;10;53;139;54;33;-9;15;10:56;8;32;2pajYwitfIBfNUZwag6NEt
628;3.O.I.F.;Type O Negative;11;53;82;61;12;-19;3;02:06;33;21;2YURBB7UISqxi1UpnwNOAX
629;Too Late: Frozen;Type O Negative;12;53;128;81;34;-7;38;07:53;0;30;2aUv0uf0zDg2XF5qiWq0Ji
630;Blood & Fire;Type O Negative;13;53;128;77;35;-8;23;05:33;1;27;7BdNgspxizqAK8KP3YfBzH
631;Can't Lose You;Type O Negative;14;53;116;75;30;-7;18;06:06;1;31;1vHcVyakhOInioUUnm5vlA
632;In The Meantime;Helmet;1;54;160;86;36;-9;60;03:08;0;42;6mHgOGBDLM71YzKcwAyiXi
633;Iron Head;Helmet;2;54;95;90;58;-8;59;03:23;0;34;2FhUbI3O3YQ3N5eGSUDwbX
634;Give It;Helmet;3;54;141;84;30;-8;55;04:17;0;31;6rVleAFgtmJ04Omk6Mmon5
635;Unsung;Helmet;4;54;160;81;34;-9;73;03:58;0;54;0z25tUQgEI4cIyNZ1TgWig
636;Turned Out;Helmet;5;54;114;86;35;-10;59;04:14;0;32;1hkMn2pxLovYof8uDgpiTq
637;He Feels Bad;Helmet;6;54;88;71;39;-8;49;04:03;0;30;580vmwV7m3VncbxaWdc8q4
638;Better;Helmet;7;54;150;68;43;-10;81;03:10;0;28;4zifCcliaROnRc1r35F6KN
639;You Borrowed;Helmet;8;54;111;84;39;-9;39;03:45;0;29;5RzZkoMROd0iY0iFU31VZE
640;FBLA II;Helmet;9;54;115;84;48;-10;44;03:22;0;28;18HtfEFUEydTblkPTWTicw
641;Role Model;Helmet;10;54;99;73;49;-9;77;03:36;0;30;11NEr1yeCun0YPISh4FVVF
642;The Leper Affinity;Opeth;1;55;67;92;13;-6;4;10:23;0;34;4xQl7d1pI8kbT0vb7cdnjC
643;Bleak;Opeth;2;55;95;87;25;-5;30;09:16;0;37;294Qb8EGfUjmZhaxROiLiV
644;Harvest;Opeth;3;55;63;69;50;-6;23;05:59;4;41;3RPC7hdB3nPcLChdNV8EqB
645;The Drapery Falls;Opeth;4;55;190;86;10;-6;31;10:52;0;40;1kLXoAje5Z4mlZOAFgZZj3
646;Dirge for November;Opeth;5;55;138;38;27;-8;14;07:51;1;32;03buZuYnP6IjQ7B9OaFOmj
647;The Funeral Portrait;Opeth;6;55;130;96;31;-6;9;08:42;0;31;7mIdbgG6ex1nlx6Z8WyrkI
648;Patterns in the Ivy;Opeth;7;55;132;26;63;-18;46;01:50;94;33;0efi9kXISVqzXTVvvjP6VR
649;Blackwater Park;Opeth;8;55;80;86;11;-7;14;12:08;0;37;4ghtc1qkwPW5CIjYrac1MJ
650;Sugar Coated Sour;The Dillinger Escape Plan;1;56;91;97;29;-5;22;02:24;0;29;2UcpjCU2cpRx7DurSQb7U1
651;43% Burnt;The Dillinger Escape Plan;2;56;139;93;35;-7;28;04:31;0;39;3zlaF6d64vPWScaR0hSaqB
652;Jim Fear;The Dillinger Escape Plan;3;56;87;95;23;-5;25;02:22;0;25;6Wt5BTiXVKPqEhCfSj77QZ
653;*#..;The Dillinger Escape Plan;4;56;116;83;44;-10;7;02:41;0;22;64CAJlurlZd8e8Rz8i5Mp2
654;Destro's Secret;The Dillinger Escape Plan;5;56;138;96;33;-5;23;01:56;0;22;1Tq8OFKWccjquHdBqmCub6
655;The Running Board;The Dillinger Escape Plan;6;56;120;96;31;-5;9;03:22;0;22;5TaqJBVJBIv6plUfAdNl9D
656;Clip The Apex...Accept Instruction;The Dillinger Escape Plan;7;56;111;99;29;-4;7;03:29;0;21;6kaYoWPZFjsGTG2jFVgfBl
657;Calculating Infinity;The Dillinger Escape Plan;8;56;135;90;62;-5;77;02:02;0;22;1GdvplkzMWe5f3vgUMeLbr
658;4th Grade Dropout;The Dillinger Escape Plan;9;56;127;94;28;-5;30;03:36;0;20;5X0geOnVNaB7wVPy9uoUXN
659;Weekend Sex Change;The Dillinger Escape Plan;10;56;118;74;35;-10;20;03:12;1;21;0ZvoRLaP0trHV92SjN8dtc
660;Variations on a Cocktail Dress;The Dillinger Escape Plan;11;56;83;0;23;-7;62;07:56;1;18;596mckm1dbzrzSdJBv3iqx
661;Al Svartr (The Oath);Emperor;1;57;67;41;21;-11;7;04:18;2;0;4xvc7nNRTsQKrWKP9QEvUq
662;Ye Entrancepmerium;Emperor;2;57;77;93;7;-4;4;05:15;0;0;7HmGwZ0HvZIsB90wt3AuDE
663;Thus Spake the Nightspirit;Emperor;3;57;127;81;16;-4;3;04:30;0;0;1N7DaPBfF0x3qSfj4bnBKO
664;Encorcelled by Khaos;Emperor;4;57;95;90;12;-5;15;06:39;0;0;0Bh5dCctnyc6AzheAGHX3C
665;The Loss & Curse of Reverence;Emperor;5;57;142;89;14;-4;4;06:09;0;0;3Y5xeg9oVzPM3kXvrjAtfn
666;The Acclamation of Bonds;Emperor;6;57;112;95;16;-4;4;05:54;0;0;5PWL9Q8Ekpi50bXKtL6Nup
667;With Strength I Burn;Emperor;7;57;141;94;14;-4;4;08:18;0;0;4Ug7jggetFjiGK5JxWIWJJ
668;The Wanderer (Instrumental);Emperor;8;57;134;55;21;-5;4;02:54;0;0;4SvmQ32PeXkhN6J9KmRb9B
672;This Time;Life Of Agony;1;58;142;87;33;-5;42;05:40;0;28;7ja4q4bWtTBippjQpF452i
673;Underground;Life Of Agony;2;58;135;88;40;-6;38;04:42;0;28;23GnfesJMUBrO4NVP1oZgU
674;Monday;Life Of Agony;3;58;85;17;28;-32;9;01:31;89;20;7MaY0LeEBgl36I9W7NlM4R
675;River Runs Red;Life Of Agony;4;58;164;93;26;-5;35;01:55;0;34;3KrjJgriB8BcBWOwNNB69F
676;Through and Through;Life Of Agony;5;58;99;88;35;-5;24;03:04;0;26;6Bj0oDphq1KC8a2XW5Agyg
677;Words and Music;Life Of Agony;6;58;140;59;33;-14;27;05:14;0;23;4m7Sj7Gqk4A64kQNR3hFTY
678;Thursday;Life Of Agony;7;58;116;24;58;-29;20;02:13;93;18;3Bts5MFHG5QQaOJMJOJqSv
679;Bad Seed;Life Of Agony;8;58;167;78;26;-7;33;05:39;0;25;0d2u18OBTBorKPzHrYxXan
680;My Eyes;Life Of Agony;9;58;123;69;54;-13;41;02:45;0;21;09TJRgoaSj2x3jFlGEyh2H
681;Respect;Life Of Agony;10;58;76;67;26;-13;27;04:14;0;20;3AFxgQ48P7YX0x8PtYTnVy
682;Method of Groove;Life Of Agony;11;58;135;76;34;-14;29;05:17;0;22;5zbYs6OWpLaXU0mqzvMDyI
683;The Stain Remains;Life Of Agony;12;58;94;60;27;-14;19;04:32;0;20;2O1mGGTZ5s48ZEQJYVjgbs
684;Friday;Life Of Agony;13;58;80;44;26;-30;5;03:35;68;15;2L9PaGL1kIabdIt7irch2g
685;Evolved As One;Napalm Death;1;59;119;60;38;-14;36;03:14;0;13;5ABrjtEXsp56zD4MAJoGdK
686;It's A M.A.N.S. World!;Napalm Death;2;59;109;90;28;-14;13;00:55;0;13;1fO2BQABQk9TcvsJjbmtQ7
687;Lucid Fairytale;Napalm Death;3;59;116;70;30;-15;19;01:04;0;13;3kZpNo5k3D5E2MpQgczFRT
688;Private Death;Napalm Death;4;59;107;74;30;-15;26;00:36;0;10;02f10Mxrtj4IahrpifC6BN
689;Impressions;Napalm Death;5;59;98;74;23;-14;7;00:35;0;10;3VJuHwQWhNjDcKvW7ahahj
690;Unchallenged Hate;Napalm Death;6;59;104;79;24;-14;54;02:08;0;20;3Kg9wUgkdZAr2a8DZOtMt4
691;Uncertainty Blurs The Vision;Napalm Death;7;59;95;76;33;-13;22;00:40;0;10;6OwnwvpztvLFT5isFZt647
692;Cock-Rock Alienation;Napalm Death;8;59;113;87;22;-15;23;01:22;0;10;5jhPPLDvoDGjO5CbvxndpL
693;Retreat To Nowhere;Napalm Death;9;59;111;69;39;-14;17;00:30;0;9;6rp0SRh2O0zp5Glpfd5QlJ
694;Think For A Minute;Napalm Death;10;59;113;89;31;-14;23;01:44;0;9;2AHamYILkHSZwshVc3daiE
695;Display To Me...;Napalm Death;11;59;107;88;24;-14;50;02:43;0;9;1b6bIDSun96OulQhMz9UOK
696;From Enslavement To Obliteration;Napalm Death;12;59;107;81;25;-13;47;01:38;0;12;3BaJFoEncVasX4Si3NAkJG
697;Blind To The Truth;Napalm Death;13;59;110;67;19;-13;0;00:23;0;0;5XlEu4xZF1YMFQVkYaQlcz
698;Social Sterility;Napalm Death;14;59;110;85;23;-14;28;01:04;0;9;5LMz0wpTjyf1ijxOEWSqkr
699;Emotional Suffocation;Napalm Death;15;59;101;91;26;-12;7;01:08;0;8;6pX8LfHu0lxhv4kfXX5vWf
700;Practice What You Preach;Napalm Death;16;59;102;84;34;-12;34;01:25;0;9;4hcPCdWM4kUpOBWflYCO7w
701;Inconceivable?;Napalm Death;17;59;111;86;18;-12;36;01:07;0;8;3M3xa8izsc7vDd9S37vFOT
702;Worlds Apart;Napalm Death;18;59;105;89;24;-12;4;01:25;0;7;2j2u8p3DDG8Fa8FJIapXV6
703;Obstinate Direction;Napalm Death;19;59;103;91;25;-13;7;01:03;0;7;5YhKnIaGRk593j2phjCELC
704;Mentally Murdered;Napalm Death;20;59;112;89;18;-12;45;02:16;0;9;6FBOCvFNx6C0f6tW6WrqoK
705;Sometimes;Napalm Death;21;59;93;90;21;-12;10;01:08;0;7;4nenWbNxupC2wZYA8urf3U
706;Make Way!;Napalm Death;22;59;115;87;23;-12;15;01:37;0;7;01RUGttwVIvDlD5ymnMWUU
716;Boris;Melvins;1;60;127;26;50;-17;14;08:35;27;32;7up6lmFT6F3k9ld2hsXeht
717;Anaconda;Melvins;2;60;136;54;37;-15;48;02:23;0;28;1A8lR2uTjziPQq8uo0MwNX
718;Ligature;Melvins;3;60;119;18;49;-19;28;03:49;2;25;6qvbeaKX7oEqpXZgcFa7dF
719;It's Shoved;Melvins;4;60;130;38;64;-18;96;02:36;0;27;0eWtU3lhxXeTHF9vP1wLZj
720;Zodiac;Melvins;5;60;130;70;29;-15;42;04:14;0;27;0F1oPyEZ7fyNsYJstJBKD0
721;If I Had An Exorcism;Melvins;6;60;124;42;27;-16;19;03:07;0;24;6OwKzxjtxonYeMdkrf3yAS
722;Your Blessened;Melvins;7;60;118;24;41;-16;33;05:39;0;20;76K8cvWGrfxux1pwPU1E5D
723;Cow;Melvins;8;60;149;78;44;-15;14;04:31;0;19;76P7RkUdjbLA8ICp0ERJG4
724;Concubine;Converge;1;61;168;97;21;-4;19;01:19;0;42;1ui9EPnCqTurWbYICi9Gld
725;Fault and Fracture;Converge;2;61;86;100;20;-3;10;03:05;0;34;2ePkT9CNkP481L7A10PIV4
726;Distance and Meaning;Converge;3;61;93;96;22;-4;19;04:18;0;32;2PZF2vVqEoOGyHpsH9XeYe
727;Hell to Pay;Converge;4;61;103;69;32;-7;19;04:32;0;31;3IP88lVJFVCEClXXJEJfPy
728;Homewrecker;Converge;5;61;95;98;29;-4;28;03:51;0;32;5QgHa6ZzjVcvKIg0w7oO1N
729;The Broken Vow;Converge;6;61;179;92;10;-4;28;02:13;0;30;45LROZKPtJOYAIGRiDZQWL
730;Bitter and Then Some;Converge;7;61;103;99;41;-4;32;01:28;0;28;1IuXn0UGbV7rWMnxORxu6O
731;Heaven in Her Arms;Converge;8;61;191;98;14;-4;27;04:01;0;29;1Pcurp1l7WQMZ9gTUYeGcG
732;Phoenix in Flight;Converge;9;61;119;81;21;-6;11;03:49;0;27;7cDMcALsaDm3IhKD5xh4jI
733;Phoenix in Flames;Converge;10;61;48;99;31;-5;6;00:42;0;25;2pzDYkhFFRbmfypcklAVKg
734;Thaw;Converge;11;61;153;99;18;-4;15;04:30;0;26;4KyKFoR7N69ZRNJ8tGT1lO
735;Jane Doe;Converge;12;61;129;90;18;-4;16;11:34;0;28;6HZLP97RpHota93UgeDcJt
736;Jerusalem;Sleep;1;62;97;53;16;-10;4;09:26;0;0;7Ke7le1IsxcnPTPMCrx6GM
737;Jerusalem;Sleep;2;62;101;78;39;-8;6;08:26;0;0;2xvceDQ92fRCgtQfBxrlXP
738;Jerusalem;Sleep;3;62;101;59;41;-11;4;09:01;0;0;2uDGXu7YPNuNe3ZlXdFzqq
739;Jerusalem;Sleep;4;62;101;54;46;-11;13;10:28;0;0;2efFOvGR5joVbmA62N2xQF
740;Jerusalem;Sleep;5;62;190;70;15;-7;6;05:45;0;0;4mnsvjOItasaySnQTwxfeq
741;Jerusalem;Sleep;6;62;97;67;25;-7;4;09:01;0;0;6To1wuD38mthFMRZdE1Ie5
742;Agent Orange;Sodom;1;63;114;99;26;-5;26;06:05;0;0;2f8zYFBNmNZ7e8GvsovbAe
743;Tired and Red;Sodom;2;63;115;100;32;-5;8;05:28;1;0;4VTCY7Vgu75STVaDkLDSc2
744;Incest;Sodom;3;63;120;100;26;-5;11;04:40;0;0;4Fv2UVlbyhKVMUemOb31ig
745;Remember The Fallen;Sodom;4;63;130;96;43;-5;42;04:21;0;0;4B0wLhke2W7xKnqf37oDic
746;Magic Dragon;Sodom;5;63;124;100;31;-4;22;05:59;0;0;7uDUZrzJaXxsSbo65RA9aP
747;Exhibition Bout;Sodom;6;63;117;100;26;-4;12;03:36;0;0;3akqAsqC9Sy4BUJtrDEEJ5
748;Ausgebombt;Sodom;7;63;155;98;28;-4;47;03:05;0;0;4fmEBGv1bxEfsfKbsx7UGd
749;Baptism of Fire;Sodom;8;63;147;99;22;-3;27;04:05;0;0;2G0yn7eyLvALlBjCtacCPP
750;Don't Walk Away (TANK cover);Sodom;9;63;159;97;25;-3;31;02:56;6;0;3awxDFIec18MAdGY5xNE40
757;Like Rats;Godflesh;1;64;141;70;55;-17;26;04:28;0;28;4kr3TSDNNOdv09snNWytEo
758;Christbait Rising;Godflesh;2;64;170;60;50;-16;29;06:59;0;22;4qVI1SgIKvAjFFQgkLGMKT
759;Pulp;Godflesh;3;64;118;57;61;-17;63;04:17;0;18;6qCecc5VRExiWbiDDf3l3E
760;Dream Long Dead;Godflesh;4;64;141;52;56;-16;24;05:18;0;18;01gRw9my2insTSqLK7Z1O0
761;Head Dirt;Godflesh;5;64;118;53;25;-16;25;06:08;0;16;1hymf5XDfHvg7oYJ8vOxtx
762;Devastator;Godflesh;6;64;115;60;48;-17;37;03:21;0;14;71zsMGW35k1i83sgVv9mDO
763;Mighty Trust Krusher;Godflesh;7;64;127;63;24;-16;4;05:30;0;15;288uCQ0mWfftrMh2VlAz81
764;Life Is Easy;Godflesh;8;64;95;58;33;-17;10;04:54;0;13;3RL6tJs02Vc1r9mJm4HPwz
765;Streetcleaner;Godflesh;9;64;149;74;45;-17;42;06:46;0;16;1yhrNiagoP9JXDvUG7ahCs
766;Locust Furnace;Godflesh;10;64;139;51;42;-19;13;04:43;0;13;2qnoLugddBszuRbyOzQLCK
767;Tiny Tears;Godflesh;11;64;156;94;39;-15;48;03:24;0;12;751NbTuCv0ZNQJL88qD6aJ
768;Wound;Godflesh;12;64;128;83;47;-15;28;03:07;0;11;4sPVFU8E75eKFXlD8ozdM4
769;Dead Head;Godflesh;13;64;170;81;29;-16;53;04:07;0;13;3SQlpboSnvp81efJLbWc0Y
770;Suction;Godflesh;14;64;156;92;39;-15;36;03:24;0;11;2hftsD070p8o8nItCxCHaJ
771;Land of Sunshine;Faith No More;1;65;110;89;55;-7;67;03:45;0;41;6RfNzPex1cKX9eNMAeJXZM
772;Caffeine;Faith No More;2;65;172;90;41;-7;33;04:28;0;39;16XXGWh05Z6e2TlTdpum0l
773;Midlife Crisis;Faith No More;3;65;108;66;67;-11;46;04:20;0;52;3Ph7fws05DvPwpn5CQHTBy
774;RV;Faith No More;4;65;170;57;35;-8;52;03:43;19;39;1ZSaFlJCo0ShPW5JFYDWKk
775;Smaller and Smaller;Faith No More;5;65;142;94;30;-7;48;05:11;1;35;6ZzWpv3vMaA5dMkSzuLcN5
776;Everything's Ruined;Faith No More;6;65;104;96;54;-8;23;04:34;0;42;7lQy8vI73IL4Wft8I4eA5Z
777;Malpractice;Faith No More;7;65;119;96;26;-7;12;04:02;0;33;2kYBpQpJuNEJuTJUeIHpkU
778;Kindergarten;Faith No More;8;65;95;93;49;-7;50;04:31;2;36;2wTR5cB1gVqVYY80l9zcxp
779;Be Aggressive;Faith No More;9;65;122;97;39;-5;36;03:42;1;39;0Jr5Noest87VEo8ucsoKSl
780;A Small Victory;Faith No More;10;65;100;95;49;-7;43;04:57;0;43;4EiCpgEN2FawFphGii0SQI
781;Crack Hitler;Faith No More;11;65;124;93;65;-8;28;04:39;22;32;48hZdEVMiyVRCsjovv4Ouz
782;Jizzlobber;Faith No More;12;65;179;84;16;-8;19;06:39;0;32;6Hw8IJcn7cexa2cRpbUgPQ
783;Midnight Cowboy (Theme From);Faith No More;13;65;62;48;14;-10;13;04:12;1;32;2mniyTUFzjMVVww0AC9IFt
784;Easy;Faith No More;14;65;125;55;51;-7;38;03:07;34;55;4Y3WqmBWmG23thvU9xEhMv
785;Back To School - Mini Maggit;Deftones;1;66;85;99;30;-3;26;03:57;0;57;0Qrb3L8JgreLBW8g4qyan9
786;Feiticeira;Deftones;2;66;153;97;20;-5;11;03:10;0;49;0FpYnuKYFJXHAmHbS1CycY
787;Digital Bath;Deftones;3;66;93;86;34;-5;50;04:15;0;59;2jSJm3Gv6GLxduWLenmjKS
788;Elite;Deftones;4;66;91;99;46;-3;21;04:02;0;46;3jnYlchDDAiLzfkPPy12ig
789;Rx Queen;Deftones;5;66;143;92;57;-7;55;04:28;0;49;6HgrJfzfj9WRBABdussy8z
790;Street Carp;Deftones;6;66;161;94;20;-4;50;02:42;0;45;5qNr7GnEmD3zA2oQTAdI3a
791;Teenager;Deftones;7;66;134;75;76;-10;77;03:20;45;44;3JVtnUPy4JhlbhQnfzw85l
792;Knife Prty;Deftones;8;66;74;88;30;-4;12;04:49;0;54;42Kv1RoTAm09FeytxiuZIB
793;Korea;Deftones;9;66;88;91;27;-4;15;03:24;0;47;7cYKGj2j9AWNwQukTl2Jev
794;Passenger;Deftones;10;66;118;80;35;-6;22;06:09;0;60;7IoK6jZBxY7NMoQPoPXZCF
795;Change (In the House of Flies) - In The House Of Flies LP Version;Deftones;11;66;142;85;27;-5;18;05:00;0;66;51c94ac31swyDQj9B3Lzs3
796;Pink Maggit;Deftones;12;66;90;67;14;-7;4;07:33;1;46;0FrT8a39eo6siL1yIxVGTP
797;I Remember Now - Remastered 2003;Queensr?che;1;67;89;28;54;-22;6;01:17;74;31;5b85fn016yCsXMCMKuL87C
798;Anarchy-X - Remastered 2003;Queensr?che;2;67;110;99;47;-5;39;01:27;2;32;7yGEsUF0xXmWR5Iv3Z5sFH
799;Revolution Calling - Remastered 2003;Queensr?che;3;67;124;99;57;-3;30;04:40;5;40;0GoQdU4T7AwJrrhE1WKFww
800;Operation Mindcrime - Remastered 2003;Queensr?che;4;67;110;98;54;-3;21;04:45;8;39;3UD6pyEQwqp2YcfSNvmsoT
801;Speak - Remastered 2003;Queensr?che;5;67;109;98;54;-3;38;03:43;15;35;18BdRreb7IPnj1xJEECNCn
802;Spreading The Disease - Remastered 2003;Queensr?che;6;67;99;96;51;-4;31;04:07;0;35;0yaUb3q4NrMvAd5G3sFqpU
803;The Mission - Remastered 2003;Queensr?che;7;67;188;94;31;-4;14;05:48;5;33;5OXE5BYGHWhg1orfKMkO4h
804;Suite Sister Mary - Remastered 2003;Queensr?che;8;67;135;96;30;-5;5;10:40;14;31;7CTcWcNpBnTungYuQgCg2w
805;The Needle Lies - Remastered 2003;Queensr?che;9;67;118;99;53;-3;22;03:09;7;33;6D56362n3CmvFqPPqrujqc
806;Electric Requiem - Remastered 2003;Queensr?che;10;67;120;79;49;-7;17;01:23;4;29;5kKvQ5ZKNX6banf204Ae9z
807;Breaking The Silence - Remastered 2003;Queensr?che;11;67;123;98;55;-3;47;04:34;2;34;2O9U63xI18zLcqbAK2d2aD
808;I Don't Believe In Love - Remastered 2003;Queensr?che;12;67;118;99;56;-3;27;04:24;4;53;0U2TocFjqul3sis3sE5jZl
809;Waiting For 22 - Remastered 2003;Queensr?che;13;67;118;61;39;-10;27;01:06;74;28;0ElgX6SBHTVKJhe3qqk19t
810;My Empty Room - Remastered 2003;Queensr?che;14;67;124;25;59;-11;11;01:32;28;29;22zm0xIH9niNiUeZE1aMKi
811;Eyes Of A Stranger - Remastered 2003;Queensr?che;15;67;105;97;48;-3;10;06:54;3;46;1OHNBBNgDsHdmSg7T9iIqq
812;The Mission - Live At The Hammersmith Odeon, London, England/1990/Digital Remaster 2006;Queensr?che;16;67;94;90;41;-5;27;06:12;0;23;3l2yb5LnMyOJYLlQsXvRRX
813;My Empty Room - Live At The Astoria Theatre, London, England/1994/24-Bit Mastering/2006 Digital Remaster;Queensr?che;17;67;124;47;54;-12;26;02:43;51;21;0ANXZeNhSxMcdhkoplppFk
814;I Remember Now - Live At Hammersmith Odeon, London, England/1990;Queensr?che;18;67;77;79;35;-12;3;01:12;25;20;3N2uc3QDQn6qXyCe0uAlk3
815;Anarchy-X - Live At Hammersmith Odeon, London, England/1990;Queensr?che;19;67;109;97;38;-2;14;01:28;0;20;7micf17yMxqYVJqQHwXhfX
816;Revolution Calling - Live At Hammersmith Odeon, London, England/1990;Queensr?che;20;67;123;99;41;-2;9;04:51;0;21;5heBlGBB9Qfq3NH4IzTYML
817;Operation: Mindcrime - Live At Hammersmith Odeon, London, England/1990;Queensr?che;21;67;110;99;34;-2;28;04:16;0;20;71eKg9rtoaV2K6JA1DAlTF
818;Speak - Live At Hammersmith Odeon, London, England/1990;Queensr?che;22;67;109;100;39;-2;7;03:47;0;19;3Oqsro5Fm0Wy80FPlsy9UD
819;Spreading The Disease - Live At Hammersmith Odeon, London, England/1990;Queensr?che;23;67;98;99;43;-3;7;05:13;0;19;2XLV2NCab4acqkexMoQL2x
820;The Mission - Live At Hammersmith Odeon, London, England/1990;Queensr?che;24;67;94;97;40;-3;23;05:51;0;19;1nn1UL32HoNXwoQjXb2d2r
821;Suite Sister Mary - Live At Hammersmith Odeon, London, England/1990;Queensr?che;25;67;133;95;18;-3;6;12:05;0;18;5wUZGfIEEGlnsXrKOC6ID8
822;The Needle Lies - Live At Hammersmith Odeon, London, England/1990;Queensr?che;26;67;126;99;30;-2;13;03:27;0;18;77hx3VbTetZ9NMNp5Iud4B
823;Electric Requiem - Live At Hammersmith Odeon, London, England/1990;Queensr?che;27;67;117;98;22;-3;9;01:16;0;17;5Jc8J6MzZ5lmZSGoVoyVfO
824;Breaking The Silence - Live At Hammersmith Odeon, London, England/1990;Queensr?che;28;67;123;97;35;-2;39;04:35;0;18;4GnAI9Msym0BagrK0BJ5Gq
825;I Don't Believe In Love - Live At Hammersmith Odeon, London, England/1990;Queensr?che;29;67;120;98;38;-2;23;04:29;0;19;2SMxJPtV7XvSeoaGLOis3Z
826;Waiting For 22 - Live At Hammersmith Odeon, London, England/1990;Queensr?che;30;67;117;76;21;-5;33;01:12;64;17;4yMUToDD6O0DXP4EkmNzqx
827;My Empty Room - Live At Hammersmith Odeon, London, England/1990;Queensr?che;31;67;123;74;47;-5;61;01:27;29;17;6f9JazUKZX0xbqnVUrkCFI
828;Eyes Of A Stranger - Live At Hammersmith Odeon, London, England/1990;Queensr?che;32;67;106;96;32;-3;17;07:53;0;19;74Oea9JZ8fAEB1RfO5t5wt
829;Prelude (The Family Trip);Marilyn Manson;1;68;72;47;41;-16;48;01:21;45;31;4ymIihKTFmk3s0wrgud1kU
830;Cake And Sodomy;Marilyn Manson;2;68;160;84;58;-6;68;03:46;0;41;3otVEoYDhiwvSq7Bh3Eu1E
831;Lunchbox;Marilyn Manson;3;68;168;96;44;-6;35;04:33;1;47;1EYTOP6cIzADbgxCFG87ML
832;Organ Grinder;Marilyn Manson;4;68;190;96;45;-5;26;04:22;1;34;6T1HM2y4KgdPHKTeHpuedV
833;Cyclops;Marilyn Manson;5;68;168;85;50;-6;23;03:33;0;34;4EPnXAZxLTyXIQSrMMAKRd
834;Dope Hat;Marilyn Manson;6;68;139;90;62;-5;32;04:22;0;40;40T969H60rqt5v1tWZDEMS
835;Get Your Gunn;Marilyn Manson;7;68;137;74;42;-7;65;03:18;0;46;0zpP9vOzgux0tXtF3Q9Fl2
836;Wrapped In Plastic;Marilyn Manson;8;68;168;72;50;-7;31;05:35;1;34;0i0W3rECQEkZJwkP1IyksQ
837;Dogma;Marilyn Manson;9;68;176;90;47;-5;21;03:22;0;34;5nE1r9s9e1rqZ4oqFs4tBh
838;Sweet Tooth;Marilyn Manson;10;68;170;59;55;-9;16;05:03;0;32;6GuCrDofEO7CgigVzHIFe9
839;Snake Eyes And Sissies;Marilyn Manson;11;68;125;84;70;-6;32;04:07;0;32;08wz6xkqg3ZkpmzgAsarMV
840;My Monkey;Marilyn Manson;12;68;160;87;44;-6;37;04:31;0;31;54YmspVxT9aeIxQ7YvG9Or
841;Misery Machine;Marilyn Manson;13;68;158;0;30;-9;97;13:11;0;32;6lvZdIVtCKpLwA7DTINPXQ
842;Ugly Truth;Soundgarden;1;69;130;58;39;-12;51;05:27;1;31;50qtzo7XUCP8JSgcpVcvHj
843;Hands All Over;Soundgarden;2;69;91;92;22;-10;24;06:00;1;35;1P4NeCeT76MGWkgVV8uRxP
844;Gun;Soundgarden;3;69;105;89;35;-11;26;04:42;0;31;2ewbtB0DZhtkoFALbJhxxV
845;Power Trip;Soundgarden;4;69;174;76;22;-10;35;04:09;29;24;2itgUw0RkrEcqmMxtBzDM7
846;Get On The Snake;Soundgarden;5;69;127;88;36;-10;46;03:44;1;28;6bUF1XOYynZ0DPcvDcXGYL
847;Full On Kevin's Mom;Soundgarden;6;69;136;95;24;-9;16;03:37;2;23;7niLUfkxe4ebzVSID6uE1m
848;Loud Love;Soundgarden;7;69;135;81;35;-11;22;04:57;1;35;1UIZd9Xwvuv7aoYHTC4irP
849;I Awake;Soundgarden;8;69;125;60;56;-12;19;04:21;35;24;00rg0PI2odvZNMZoVqTBYN
850;No Wrong No Right;Soundgarden;9;69;135;71;31;-11;35;04:48;3;22;1XHkwEmUFQkOSgX7v1D749
851;Uncovered;Soundgarden;10;69;151;83;37;-11;21;04:30;28;23;0jo08jjSXTmOcq9RlQGzzD
852;Big Dumb Sex;Soundgarden;11;69;176;85;27;-9;54;04:11;1;27;4Ga9JTnUnuI0Tm00ouOjvL
853;Full On;Soundgarden;12;69;133;66;41;-12;43;02:42;17;22;5xHqy0VDZEDSBdkecbfz0H
854;Flattening of Emotions;Death;1;70;105;90;39;-7;32;04:29;0;31;2i03huY4DLxMnAB9DV4BOd
855;Suicide Machine;Death;2;70;137;94;32;-7;42;04:24;0;34;0GBNecHv0jWlfrPPBq57FT
856;Together as One;Death;3;70;142;95;31;-6;39;04:11;0;30;5aeMbbBgnEmbww0Wrax4xr
857;Secret Face;Death;4;70;92;88;28;-6;48;04:39;0;22;2DWNGHlrnOmfQCsJclj3Sz
858;Lack of Comprehension;Death;5;70;93;96;34;-6;36;03:44;0;35;1OePro13vwG9uI5tdREYLU
859;See Through Dreams;Death;6;70;172;93;27;-6;47;04:40;0;23;7audyKMpvgzO3ttY1T0ZLJ
860;Cosmic Sea;Death;7;70;104;94;21;-6;7;04:28;0;22;1JiS9XUED8DGFQfmXPB78L
861;Vacant Planets;Death;8;70;106;87;34;-6;61;03:53;0;29;2O9tG9RSQdKFgbJ5KBTzrv
903;Cult of Personality;Living Colour;1;71;92;92;50;-3;54;04:55;0;61;5e3YOg6fIkP0wD5TyxcHOH
904;I Want To Know;Living Colour;2;71;129;93;67;-4;89;04:24;3;31;5gV3pULWjT3MewTvkSeJz9
905;Middle Man;Living Colour;3;71;112;98;55;-4;48;03:48;0;33;2OXGegCjAut5HofUoCoFK8
906;Desperate People;Living Colour;4;71;106;97;57;-4;40;05:36;2;30;1qpo7EPyUl0WL9oKAK2hYm
907;Open Letter (To a Landlord);Living Colour;5;71;122;90;59;-4;36;05:31;13;33;6hnKJsEeb0hVkbw16yjcTV
908;Funny Vibe;Living Colour;6;71;118;98;34;-5;48;04:21;0;27;4efmOMddgsMH5bpwkIpo5l
909;Memories Can't Wait;Living Colour;7;71;100;83;53;-5;33;04:31;1;27;1ZGvcpkWd0NaFrtP0dPF1a
910;Broken Hearts;Living Colour;8;71;172;89;46;-4;70;04:52;2;27;7LdXnvmNONxKTkkFU5dIQ8
911;Glamour Boys;Living Colour;9;71;121;91;51;-4;86;03:40;3;40;2XyU7gwELovG2Nqo9UYBGp
912;What's Your Favorite Color?;Living Colour;10;71;120;94;75;-5;65;01:41;1;26;2l9zXM0b0FzjiZvYLrRQQm
913;Which Way to America;Living Colour;11;71;77;98;56;-4;64;03:38;1;26;4pOY1K18SyB1j0Xp3u3KOI
914;Funny Vibe - Funky Vibe Mix;Living Colour;12;71;114;94;82;-6;45;03:42;2;21;6tQ2go0VPZZUlkju7HfbPq
915;Should I Stay Or Should I Go;Living Colour;13;71;107;96;47;-4;88;02:27;0;24;5FB7iFPvVT0YTv07GyIdyY
916;What's Your Favorite Color? (Theme Song) - LeBlanc Remix;Living Colour;14;71;120;88;77;-4;55;05:39;3;20;165KsT3rT1nhE9P0QETbY3
917;Middle Man - Live;Living Colour;15;71;117;99;46;-4;39;03:49;5;19;7fhSpEtYLZgTigFlWe5RXE
918;Cult of Personality - Live at the Ritz;Living Colour;16;71;98;96;41;-4;45;05:00;0;21;3hozHnzTlMggCso0YHzgWh
919;The Beginning and the End;ISIS;1;72;112;64;40;-8;36;08:02;1;15;79RNJ2FZHMe7NcPpcopMrZ
920;The Other;ISIS;2;72;118;60;42;-7;43;07:15;0;12;2VfNTyOaWdBAnjJ6OiDRFj
921;False Light;ISIS;3;72;120;65;40;-7;8;07:42;0;12;0qiAR0FsffpsNsAcu0jgwx
922;Carry;ISIS;4;72;118;61;25;-7;14;06:46;2;12;4rUVXXUOs4R27XTyaoQRUq
923;(Untitled);ISIS;5;72;167;86;15;-18;3;02:06;93;8;1B6Zg7KrHL9QwpFbHpbcXl
924;Maritime;ISIS;6;72;113;47;53;-13;77;03:03;60;9;2bpRNKT04xb2rc07LOgFaZ
925;Weight;ISIS;7;72;124;56;48;-10;20;10:46;12;11;2gapn2mcYLEBb2BciyOzHt
926;From Sinking;ISIS;8;72;114;63;31;-7;32;08:24;0;9;33oJQdWan6AX0RBhjNVPd8
927;Hym;ISIS;9;72;131;76;26;-6;15;09:14;0;9;3nhefMOYQC1HubwxEgU9bu
928;Blackout;Scorpions;1;73;89;84;26;-10;71;03:48;1;46;15RpfmFhrE5RRkf4vZ6kZu
929;Can't Live Without You;Scorpions;2;73;152;85;50;-10;64;03:47;3;36;0mOMvN8GNGAVW5e5934fUn
930;No One Like You;Scorpions;3;73;118;63;51;-10;84;03:57;2;60;26fZwf1ImE4aUJ4XaqOkUg
931;You Give Me All I Need;Scorpions;4;73;117;65;51;-11;56;03:38;2;35;4t2dUobtoXRlqxz2pIxp71
932;Now;Scorpions;5;73;190;91;26;-9;56;02:35;0;30;4BHBkQK6pSqJyJGc6O7JmW
933;Dynamite;Scorpions;6;73;114;87;30;-10;74;04:12;0;39;07DwrW1JxiMkEF4scxwdSa
934;Arizona;Scorpions;7;73;123;74;53;-10;88;03:56;2;31;6HJMhjioyzZB7z6oSqCZN6
935;China White;Scorpions;8;73;78;48;28;-11;50;06:58;0;31;6dO09SajAwqZyU4caMxGCp
936;When The Smoke Is Going Down;Scorpions;9;73;98;42;44;-12;31;03:50;2;45;1Cc1kD0xeMXZpdUinsH1mP
937;Sons of Satan;Venom;1;74;134;97;18;-10;4;03:37;0;29;4Hn9pVSQcYAV87UgJHTM48
938;Welcome To Hell;Venom;2;74;177;98;16;-9;10;03:13;0;41;3xXdvIk3cI9BVjpKixwLKd
939;Schizoid;Venom;3;74;113;94;27;-10;17;03:30;0;29;643LQMcFEqXspLLxtdR5VD
940;Mayhem with Mercy;Venom;4;74;81;42;33;-19;7;00:59;78;24;6Ugq3gbUSE1Ot7B8broguU
941;Poison;Venom;5;74;104;95;26;-9;4;04:31;1;28;71R0E2rNiw32hnFjOaYb7S
942;Live Like an Angel;Venom;6;74;131;94;20;-10;6;03:58;0;29;2r0Pa9hMpyTlk0lIBnldzI
943;Witching Hour;Venom;7;74;146;92;13;-11;3;03:40;0;33;4G20PYZNuL37a8zaaUV7Km
944;One Thousand Days of Sodom;Venom;8;74;114;94;25;-10;11;04:35;2;25;7JYDqt7bVaWadd1uYIfZow
945;Angel Dust;Venom;9;74;130;98;18;-9;3;02:39;0;24;3o5MupaRV6IWAEbjqhDtPQ
946;In League with Satan;Venom;10;74;105;79;42;-12;52;03:32;0;27;5LbLX9SlqtEOnvaIZsiUqd
947;Red Light Fever;Venom;11;74;122;90;20;-11;5;05:14;0;22;3vQI1R641odHXncELglOJL
948;Angel Dust - Lead Weight Version;Venom;12;74;118;95;40;-9;13;03:03;0;19;1FNpROIlRD403fixPyRRrg
949;"In League with Satan - 7"" Version";Venom;13;74;106;83;48;-13;21;03:31;9;36;0ASlBt3KdsnokRI137AbUl
950;"Live Like an Angel - 7"" Version";Venom;14;74;132;97;27;-12;4;03:54;0;17;2TP1egE9QVHlDcVMsjog5q
951;"Boodlust - 7"" Version";Venom;15;74;200;90;7;-9;21;02:59;0;21;6AK1Z7I7pDZa8gGPvlsHZE
952;"In Nomine Satanas - 7"" Version";Venom;16;74;113;70;39;-12;41;03:29;7;19;0tmzZv8LldcWvPHGECtPtD
953;Angel Dust - Demo;Venom;17;74;104;98;34;-10;5;03:11;0;16;58PJ67cM3njtTQzvAHK42J
954;Raise the Dead - Demo;Venom;18;74;96;97;18;-10;11;03:29;0;15;0RC4uhMptsFquWe9GvCQGi
955;Red Light Fever - Demo;Venom;19;74;199;98;9;-11;8;04:50;0;15;5iSwRRDdWjWSRTFatd5qUg
956;Welcome to Hell - Demo;Venom;20;74;90;99;20;-10;3;04:57;4;15;3K0qYwOjwnXNFIVh5hVldg
957;Bitch Witch - Outtake;Venom;21;74;90;87;34;-11;36;03:08;0;15;55uJAYtuPuRSmzXLFqqQeK
958;Snots Shit - Outtake;Venom;22;74;165;74;22;-13;12;02:06;21;13;3S7bKeUwrhBJmQ1DMreN1H
959;Rapture;Morbid Angel;1;75;142;96;28;-8;7;04:18;0;25;4iQxdHODYQeMRh9bI1EKFA
960;Pain Divine;Morbid Angel;2;75;142;99;43;-10;21;03:58;0;21;2F2IbkXMAgTEk6LnTbEqFK
961;World of Shit (The Promised Land);Morbid Angel;3;75;117;93;43;-9;12;03:20;0;21;3pERd0gBE7DbYhljDOIZ1h
962;Vengeance Is Mine;Morbid Angel;4;75;118;97;50;-8;40;03:16;0;20;0LRtWUYfgA9nRVP1hbXJkx
963;The Lion's Den;Morbid Angel;5;75;132;94;38;-9;24;04:45;0;20;6urOnUZdvkG7VEYgDgww43
964;Blood on My Hands;Morbid Angel;6;75;120;95;32;-9;19;03:43;0;17;0bnD0zvxnvomBfHNYRMFTr
965;Angel of Disease;Morbid Angel;7;75;83;89;21;-9;43;06:15;0;18;3zWJpjeEXlk2VsIjj6Z0vV
966;Sworn to the Black;Morbid Angel;8;75;109;94;56;-9;39;04:01;0;17;42N5lDn5aBVDlvJpm0y7jB
967;Nar Mattaru;Morbid Angel;9;75;119;39;34;-22;8;02:07;52;13;5hVwGj7blf91sFRKT8GgQt
968;God of Emptiness (I. The Accuser, II. The Tempter);Morbid Angel;10;75;156;87;36;-10;20;05:27;1;26;6sLLktVGKIXXGxvJ0pmhOw
969;Stay Hungry;Twisted Sister;1;76;131;99;36;-3;27;03:04;0;40;2gOCdvg1BuC2MqX3K6rgCh
970;We're Not Gonna Take It;Twisted Sister;2;76;149;92;50;-6;92;03:40;1;72;1hlveB9M6ijHZRbzZ2teyh
971;Burn in Hell;Twisted Sister;3;76;107;83;36;-12;62;04:43;0;51;1aVChMRP6I3ViAIlnW3WYS
972;Horror-Teria (The Beginning: Captain Howdy/Street Justice);Twisted Sister;4;76;161;65;37;-13;46;07:43;1;32;6eV3zO6rLsrbWG13i5d5wE
973;I Wanna Rock;Twisted Sister;5;76;106;91;50;-3;67;03:00;1;68;70Z9t1qhytWtG4cCmmi7mU
974;The Price;Twisted Sister;6;76;78;56;50;-12;55;03:49;4;55;5iF683hJagzos663BxLns9
975;Don't Let Me Down;Twisted Sister;7;76;105;65;55;-14;71;04:28;0;31;7kkp5zbybXp9irVxfT2h4O
976;The Beast;Twisted Sister;8;76;166;52;40;-14;41;03:29;0;38;1znYwsMLK6c6r2DnZWHsqS
977;S.M.F.;Twisted Sister;9;76;141;74;41;-11;39;03:01;2;34;2opJB7sqZbl3DoRSQ9EVqP
978;Blinded By Fear;At The Gates;1;77;125;99;22;-12;4;03:12;0;31;2pj2VXKSBRTmV8nuiaCKd2
979;Slaughter of the Soul;At The Gates;2;77;115;95;23;-11;42;03:03;0;31;2Vy4z1ZUN7RvN7syWI2yef
980;Cold;At The Gates;3;77;180;95;16;-11;31;03:28;0;30;3JRmeCjOaBqRCvzwCx9MNh
981;Under a Serpent Sun;At The Gates;4;77;151;95;21;-12;18;03:59;0;29;4Jg1FIbHlwoRi0olOJxtcF
982;Into the Dead Sky;At The Gates;5;77;128;30;50;-22;27;02:13;76;26;2mperrZFTlXtaLAngA3xZv
983;Suicide Nation;At The Gates;6;77;115;95;24;-11;33;03:36;0;28;3pvRJy3zkIivvLXh89aO3J
984;World of Lies;At The Gates;7;77;120;96;24;-11;32;03:36;0;28;63qjdBUGCiDzle4KGuypCX
985;Unto Others;At The Gates;8;77;109;95;21;-10;45;03:11;0;26;1JrkWtIhVG8Z05AQ42jv2E
986;Nausea;At The Gates;9;77;122;97;19;-11;53;02:23;0;27;2eTQMrCkjoxGAVb4ybNG3U
987;Need;At The Gates;10;77;142;95;24;-11;13;02:36;0;25;10MucFhWjGqAjz5Ynljmpf
988;The Flames of the End;At The Gates;11;77;78;44;38;-16;8;02:58;0;24;2z8YnF6wRLwMhq0YQSEY78
989;Experiment;Voivod;1;78;143;88;24;-13;15;06:12;0;17;5iH7uD5qgpn1lw2J5aM5Gr
990;Tribal Convictions;Voivod;2;78;132;82;29;-14;55;04:52;0;22;2lwgBPc3ROzHmISeNqAark
991;Chaosmongers;Voivod;3;78;160;68;23;-13;41;04:42;0;15;7J4kzeT4QUHBVCOAjL4gU1
992;Technocratic Manipulators;Voivod;4;78;83;88;16;-14;34;04:36;0;14;0l5BFEXWjCz3zF05GZnW3D
993;Macrosolutions to Megaproblems;Voivod;5;78;85;85;19;-13;15;05:35;0;14;02WvcYSSq0he8VlLPpyWqt
994;Brain Scan;Voivod;6;78;111;87;33;-12;42;05:09;0;12;0cREdHaPDHJJ7UczArFKHu
995;Psychic Vacuum;Voivod;7;78;142;91;24;-12;33;03:51;0;13;0Ibtfy4arVM8ZreELGbnSC
996;Cosmic Drama;Voivod;8;78;121;86;27;-12;8;04:56;0;10;1jLqOVm72poy8EC6lML87X
997;Batman;Voivod;9;78;146;90;34;-15;9;01:46;0;10;1OLDOgUqbRxnNlqME7vl0c
998;Future Breed Machine;Meshuggah;1;79;88;97;45;-7;16;05:49;0;0;0gH7MNXQud3Pvnfv1zk3bL
999;Beneath;Meshuggah;2;79;78;99;21;-8;21;05:38;0;0;2vruX6aM3Z2enX8l6Tl4SH
1000;Soul Burn;Meshuggah;3;79;83;94;34;-7;43;05:18;0;0;3oKST2HXbmF6ZEaytf7BU3
1001;Transfixion;Meshuggah;4;79;140;98;30;-8;28;03:34;0;0;3kmFfXOeckvIVCUnZhrBAb
1002;Vanished;Meshuggah;5;79;159;99;27;-7;24;05:05;0;0;0WlDiAZTyACr9dDI1NhEOq
1003;Acrid Placidity;Meshuggah;6;79;100;15;40;-20;4;03:16;17;0;1AikJLUJAoyeoeLrUGU9Lo
1004;Inside Whats Within Behind;Meshuggah;7;79;135;86;38;-9;17;04:31;0;0;72TCX7wTEgfGHx3jEyAEPE
1005;Terminal Illusions;Meshuggah;8;79;124;100;38;-6;3;03:47;0;0;6q1dNkFADUwfe97b1KyDmU
1006;Suffer In Truth;Meshuggah;9;79;158;100;22;-6;38;04:20;0;0;6x8OeZQWzLjuOIWkFrItNc
1007;Sublevels;Meshuggah;10;79;110;89;34;-8;38;05:14;0;0;5PBazDNw2Yfr9YBKiIT477
1008;Vanished (demo);Meshuggah;11;79;151;92;31;-9;16;05:34;0;0;04oX6hTKIvJ15CyKJVkDUQ
1009;Suffer In Truth (demo);Meshuggah;12;79;156;94;29;-9;8;04:27;0;0;4TA2eQQydOUtBjPpzGAy6n
1010;Inside What's Within Behind (demo);Meshuggah;13;79;133;84;35;-10;22;04:11;0;0;38PJXfxUPEAeQbD6RX6pcM
1011;Gods Of Rapture (live);Meshuggah;14;79;88;94;31;-9;23;04:54;1;0;1pI8vYDV5gtgG5EYssJfKS
1012;Aztec Two-Step;Meshuggah;15;79;93;0;15;-6;3;10:44;0;0;3oxToSn5UXWp6nn4OTy0uN
1013;N.W.O.;Ministry;1;80;161;95;45;-8;43;05:31;0;45;2D9LxUcR9zWxQtxiHsMA0n
1014;Just One Fix;Ministry;2;80;133;98;54;-4;14;05:10;0;48;0Vcpo9El50PNNbZXfKbNti
1015;TV II;Ministry;3;80;170;80;21;-13;13;03:05;0;30;5vmiOClFJzyx7lpgJnt2G4
1016;Hero;Ministry;4;80;148;94;48;-8;63;04:12;0;29;2xKuAjaMWVbSz8fUOQI4pu
1017;Jesus Built My Hotrod;Ministry;5;80;125;91;54;-5;40;04:53;0;50;0BX3ysoHJvxmLEhPMAfb2z
1018;Scare Crow;Ministry;6;80;75;94;37;-10;63;08:22;0;32;1bv4fups31J6sGCY4m1qHu
1019;Psalm 69;Ministry;7;80;107;84;28;-11;15;05:29;0;33;3lP4QgKArqyUAMDFPv3zFk
1020;Corrosion;Ministry;8;80;98;92;19;-11;13;04:57;0;25;1m8pPuWEh4lNIvJG4MIYDl
1021;Grace;Ministry;9;80;100;84;14;-9;5;03:06;0;23;2tBtMShYTQKRP3VlgrtoWt
1022;Nocturnal Obeisance;Bathory;1;81;125;34;17;-22;3;01:27;39;0;3xwn6rvhdI1iTFeaieLsMM
1023;Massacre;Bathory;2;81;136;95;30;-6;7;02:37;0;0;3veenxdQS62i4UJgrAbKW2
1024;Woman Of Dark Desires;Bathory;3;81;90;87;39;-9;19;04:07;0;0;721bjJh95ew2R7iq65GaWn
1025;Call From The Grave;Bathory;4;81;129;82;37;-9;4;04:54;0;0;2v74ik56b9FHNwdhoAEVOd
1026;Equimanthorn;Bathory;5;81;138;99;27;-6;4;03:40;0;0;7qGXljEM9Yjdxv3dB5WgxC
1027;Enter the Eternal Fire;Bathory;6;81;108;86;38;-7;15;06:57;0;0;5CzebOPQxefBlDkAJkm5ht
1028;Chariots of Fire;Bathory;7;81;143;97;16;-8;3;02:46;0;0;27hvlsFOT2TDeEkreoyrAx
1029;13 Candles;Bathory;8;81;71;87;33;-10;4;05:14;0;0;1kQRDEOvVOqbvrwpmXj7kN
1030;Of Doom......;Bathory;9;81;138;99;25;-8;4;03:43;0;0;13Y0GhHTcAxCj1SmB6QA0v
1031;The Winds Of Mayhem (outro);Bathory;10;81;62;4;11;-35;0;00:23;94;0;5HVAOimlVzw7zGwkUKa1vL
1032;Left Hand Path;Entombed;1;82;132;93;17;-9;22;06:39;0;44;5faD0zZ9fMa3J5ZN3lIWtp
1033;Drowned;Entombed;2;82;108;93;17;-7;24;04:00;0;33;74sEzDFrgGFxaM7xrEyOkG
1034;Revel In Flesh;Entombed;3;82;167;95;14;-8;31;03:42;0;34;48zi76YORvpiYO67liH70R
1035;When Life Has Ceased;Entombed;4;82;131;99;18;-8;18;04:11;0;26;3cmEh49U5WRfPcFipIu7LY
1036;Supposed To Rot;Entombed;5;82;111;98;29;-8;19;02:04;0;27;5CU8oOEfI9IoZQxcjC2D2B
1037;But Life Goes On;Entombed;6;82;114;98;34;-7;13;03:00;0;25;7wm7di7XtlL3IXRWPL9H4T
1038;Bitter Loss;Entombed;7;82;131;98;23;-6;17;04:23;0;25;7cjxGM8tECsRdiTBYc2KFw
1039;Morbid Devourment;Entombed;8;82;110;96;19;-7;29;05:25;0;24;2CvtsZt7wGW1iIFniV5CAw
1040;Abnormally Deceased;Entombed;9;82;112;95;18;-7;31;02:59;0;22;2wPCKvH509FfKrL66scvu2
1041;The Truth Beyond;Entombed;10;82;141;99;22;-5;10;03:26;0;22;1jyeknQl9iy8sfUafUW5f3
1042;Carnal Leftovers;Entombed;11;82;165;98;14;-7;27;02:58;0;22;641ntKrSCGimRngZESb7Vn
1043;Premature Autopsy;Entombed;12;82;173;96;12;-7;19;04:28;0;21;1bhT7RgdMM1rHqbkpoREdR
1044;Rays On Pinion;Baroness;1;83;145;89;33;-7;15;07:36;0;41;6ouq07JR52uMIDnHhFbrQ2
1045;The Birthing;Baroness;2;83;162;92;19;-6;44;05:03;0;35;13ewjoOlq7DhymHVATGxUo
1046;Isak;Baroness;3;83;102;85;52;-7;40;04:22;0;38;4qnmquuGKdUiDLh5paURPb
1047;Wailing Wintry Wind;Baroness;4;83;161;76;24;-8;28;05:55;0;33;69zzYC1Ybwu1vtXgWd6Vx2
1048;Cockroach En Fleur;Baroness;5;83;123;38;23;-13;30;01:50;85;30;7i8qsWg6FJOyiE90o4AMNh
1049;Wanderlust;Baroness;6;83;163;89;23;-6;55;04:30;0;33;4hWiGcVpTP41LvxGXOTrty
1050;Aleph;Baroness;7;83;139;70;34;-8;22;04:22;0;29;4vmpS6ccPFxr0cYN4DYNFt
1051;Teeth Of A Cogwheel;Baroness;8;83;90;86;63;-8;34;02:17;0;29;2rzlqfFfa6kF1PtXxT2shc
1052;O'Appalachia;Baroness;9;83;155;93;25;-6;68;02:37;0;28;5iZ8IZ6K3Oju3avkm6WW5T
1053;Grad;Baroness;10;83;117;45;28;-9;11;05:55;0;31;3W6NH5z8vsDSo4ZaJW7a2Q
1054;Devilution;High On Fire;1;84;142;96;20;-5;8;04:47;0;28;4G6WFRNNCLjPigQthVSZJS
1055;The Face of Oblivion;High On Fire;2;84;116;95;22;-6;21;06:36;0;26;36N0wCA0Jn5KrlinaChvig
1056;Brother In the Wind;High On Fire;3;84;164;92;9;-4;7;05:40;0;22;5hHT01wTlyNyXcg4ITmm4e
1057;Cometh Down Hessian;High On Fire;4;84;139;94;20;-5;20;05:15;0;24;2lIQB6Z7qUR0L545z2omVf
1058;Blessed Black Wings;High On Fire;5;84;99;95;14;-4;32;07:44;0;26;5V8cJCOnOfGRqNP3xZeE6p
1059;Annointing of Seer;High On Fire;6;84;184;97;7;-4;11;05:39;0;18;0aoeqRD4B0CjxPEWXp9P3C
1060;To Cross the Bridge;High On Fire;7;84;128;88;18;-5;8;07:21;0;18;0cGGdxEkntI0gSZe2buecq
1061;Silver Back;High On Fire;8;84;192;90;7;-5;6;03:15;0;16;2C7UBi5UWDtkXnWIHH7wV3
1062;Songs of Thunder;High On Fire;9;84;99;85;18;-7;41;07:13;0;22;59grqHxAe31asPfhw2Sygs
1063;Transilvanian Hunger;Darkthrone;1;85;139;100;27;-9;2;06:10;1;26;2JIRtFAIUkd86PQD12Hm7r
1064;Over Fjell Og Gjennom Torner;Darkthrone;2;85;135;100;16;-8;2;02:30;15;20;1twTdzxZPY1SU5vueG7v6U
1065;Skald Au Satans Sol;Darkthrone;3;85;138;100;29;-7;2;04:28;10;20;7Czf5bOiY3WpghLvxuD6Zs
1066;Slottet I Det Fjerne;Darkthrone;4;85;141;100;19;-8;1;04:45;12;18;5dLk1MR2SA1IdofFy9WA5A
1067;Graven Takeheimens Saler;Darkthrone;5;85;136;100;15;-8;1;04:59;26;17;5zUTE9cylAsByChYCH1bhl
1068;I En Hall Med Flesk Og Mjod;Darkthrone;6;85;131;100;19;-7;2;05:13;14;16;1sIfavgJOAXoJhvSS5qnui
1069;As Flittermice as Satans Spys;Darkthrone;7;85;145;100;13;-8;2;05:55;18;15;4gzF6aPvl3QtRNTOlP4GHv
1070;En as I Dype Skogen;Darkthrone;8;85;142;100;15;-9;2;05:03;22;15;073Uff4lJY4tWN22Mx3cS8
1079;Ruin - Remixed / Remastered;Lamb of God;1;86;117;98;29;-4;17;03:54;0;39;3WeWaUyTww9gLKmimlwm5w
1080;As The Palaces Burn - Remixed / Remastered;Lamb of God;2;86;104;100;34;-3;14;02:25;0;31;2KjmnyVafBbq4VEnrJ5rra
1081;Purified - Remixed / Remastered;Lamb of God;3;86;92;97;45;-4;41;03:09;0;30;1cQS0BcV8HIVSWLeWunEp4
1082;11th Hour - Remixed / Remastered;Lamb of God;4;86;104;99;34;-4;22;03:43;0;34;6WDJv2slxzc6Xu7CVonDBM
1083;For Your Malice - Remixed / Remastered;Lamb of God;5;86;172;99;47;-4;41;03:42;0;31;3jH1c9em3bdzwkc2JjYJwY
1084;Boot Scraper - Remixed / Remastered;Lamb of God;6;86;175;98;24;-3;31;04:34;0;29;3OXn0XDJf4DLz9M4S0IFHp
1085;A Devil In God?s Country - Remixed / Remastered;Lamb of God;7;86;94;99;43;-3;35;03:13;0;29;0L9ZKWGuKX3enlGEwVlcxA
1086;In Defense Of Our Good Name - Remixed / Remastered;Lamb of God;8;86;105;98;27;-3;28;04:10;0;28;6FJ1uKBNAGoJX1nRBz34Yo
1087;Blood Junkie - Remixed / Remastered;Lamb of God;9;86;82;97;35;-4;27;04:22;0;28;4RS0pQF9klta6xB1FNCP1b
1088;Vigil - Remixed / Remastered;Lamb of God;10;86;106;97;33;-4;14;04:46;0;32;77XOYoYeK1CoTfnKUIXTjk
2001;Hail to England;Manowar;1;87;;;;;;;;;
1092;Intro;Pig Destroyer;1;88;120;19;48;-27;48;00:41;53;16;0wcJSmPe2fNY0Kb9Bcx79f
1093;Pretty In Casts;Pig Destroyer;2;88;148;100;14;-2;4;01:16;0;22;53PFg2Sm0DK6MlHUoKUWeX
1094;Boy Constrictor;Pig Destroyer;3;88;122;100;22;-1;3;00:58;0;20;1sbUobyqXK6vcnm0xspwkx
1095;Scarlet Hourglass;Pig Destroyer;4;88;126;100;25;-2;14;00:57;0;19;235YNfOd639SNTFdUULb37
1096;Thumbsucker;Pig Destroyer;5;88;96;100;31;-2;5;01:33;0;23;3ggDKslhwMeXJqQyJ1Q17F
1097;Gravedancer;Pig Destroyer;6;88;99;97;29;-5;13;03:01;0;26;0Pj5S3hUGp5UheHwhMDZvw
1098;Lost Cause;Pig Destroyer;7;88;148;100;16;-1;7;00:54;0;17;29SSEiS2jV5mWlJJeTlSUc
1099;Sourheart;Pig Destroyer;8;88;52;98;34;-2;4;00:53;0;17;5z6LbaB0saf3FyMPjdNtR4
1100;Towering Flesh;Pig Destroyer;9;88;141;100;19;-2;3;03:35;0;22;620GyQb4TdbzfrAIVvFLhg
1101;Song of Filth;Pig Destroyer;10;88;146;100;31;-2;5;00:42;0;16;17h1VB2Od6wmaQBl1DULNj
1102;Verminess;Pig Destroyer;11;88;135;100;15;-1;3;01:17;0;16;4fBFgSHOd9vazSr1zNjCs3
1103;Torture Ballad;Pig Destroyer;12;88;136;100;15;-2;4;01:21;0;16;5pIRaU37vAuxbkzL7PpYod
1104;Restraining Order Blues;Pig Destroyer;13;88;100;100;28;-1;3;01:32;0;16;3avtuXEcq2pW3xV5HyucbG
1105;Carrion Fairy;Pig Destroyer;14;88;127;100;24;-2;7;02:31;0;19;4fmPoaAqbl7Biyxf9RJ8mx
1106;Downpour Girl;Pig Destroyer;15;88;138;100;15;-1;3;01:30;0;15;1BNwv4U9w6U77vwQNKEHR0
1107;Soft Assassin;Pig Destroyer;16;88;98;100;23;-2;7;01:27;0;15;08kZZ0VX4zYSu6kYiw3WHi
1108;Dead Carnations;Pig Destroyer;17;88;126;100;23;-2;13;01:30;0;15;5QY0fUsyRZRqMt9FBvYC94
1109;Crippled Horses;Pig Destroyer;18;88;100;100;23;-2;5;01:34;0;16;6ta3BnhZjLfkQ3hYmuyKH7
1110;The Gentleman;Pig Destroyer;19;88;116;100;23;-2;9;01:24;0;14;39Qg2eRFL9hizus1YVfEl7
1111;Crawl of Time;Pig Destroyer;20;88;125;100;23;-2;4;01:31;0;14;7zp5vsv1SkSF1MHQ072GOE
1112;Terrifyer;Pig Destroyer;21;88;134;100;28;-2;3;02:12;0;17;5qG1Re9FiO0gy7mmgDffQs
1113;Dark Chest Of Wonders;Nightwish;1;89;95;89;49;-6;48;04:29;0;0;5lHxXhs51Mz8nXMxaxDBQs
1114;Wish I Had An Angel;Nightwish;2;89;159;94;42;-6;50;04:06;0;0;65TsSPodEw6Q98WkJHdLsH
1115;Nemo;Nightwish;3;89;125;74;50;-6;35;04:36;0;4;0tbbaYdhiFLFH0YUvvajI8
1116;Planet Hell;Nightwish;4;89;146;85;48;-6;39;04:39;0;0;2Zl4yUKqVmWAz21t5OQfiA
1117;Creek Mary's Blood;Nightwish;5;89;134;67;45;-8;31;08:29;5;0;2I4DCzAeAFdjLQhKG2wYtz
1118;The Siren;Nightwish;6;89;122;79;45;-6;28;04:45;0;0;4NRgU8uu4NjihDXceMq927
1119;Dead Gardens;Nightwish;7;89;158;91;47;-6;57;04:28;0;0;4SlYsSstR33YXnH4HCtTBD
1120;Romanticide;Nightwish;8;89;115;88;33;-5;41;04:58;0;0;18x9j81yf63hB1lm13OdUt
1121;Ghost Love Score;Nightwish;9;89;101;78;44;-5;22;10:02;1;0;4k2MUm5uMlRH1P9ZQBr0ER
1122;Kuolema Tekee Taiteilijan;Nightwish;10;89;82;33;15;-12;9;03:59;46;0;04IEzdLzDhaYvKhXNMDMcB
1123;Higher Than Hope;Nightwish;11;89;118;59;46;-7;23;05:38;6;0;4t6GF5U4Q9uhTj5qiJ3MIt
1126;Smoked Pork;Body Count;1;90;107;40;65;-16;31;00:47;58;29;77EfELhVYaha8yn4VXpHkL
1127;Body Count's in the House;Body Count;2;90;97;95;48;-7;41;03:24;3;46;0ei5rAVjRCUQATivnVwkLN
1128;Now Sports;Body Count;3;90;0;29;0;-26;0;00:05;92;0;4Kr4yfjeBXpCndPwg3E20f
1129;Body Count;Body Count;4;90;186;88;39;-7;55;05:18;0;37;2pgYlzjkKrGH7McMiwWpEL
1130;A Statistic;Body Count;5;90;0;41;0;-20;0;00:06;92;0;1hzMQFF0qKPaLg2TQ1H3dC
1131;Bowels of the Devil;Body Count;6;90;106;99;49;-5;31;03:43;0;30;1yQhqJVuvTmvgHDX8kfswU
1132;The Real Problem;Body Count;7;90;0;22;0;-22;0;00:12;67;0;60t356zDXP421A3kENM4mr
1133;KKK B***h;Body Count;8;90;122;70;80;-9;72;02:53;1;35;7zoRvhF7VcXzOu2liGnZ30
1134;C Note;Body Count;9;90;117;12;18;-20;21;01:36;85;27;1aed1F9qd01nQwANed7LzY
1135;Voodoo;Body Count;10;90;133;90;34;-9;45;05:01;0;30;1zgRqvAmjIIY5Kp17ht4z7
1136;The Winner Loses;Body Count;11;90;74;67;43;-9;35;06:32;1;32;6Tiqq1YjzI6FUDSBd6Xnwo
1137;There Goes the Neighborhood;Body Count;12;90;160;85;27;-7;40;05:50;0;37;1Qc2ehFeQgxjszN337T10Q
1138;Oprah;Body Count;13;90;0;18;0;-28;0;00:07;22;0;1r8vIPSSI5Ys1VHXrCFcMX
1139;Evil D**k;Body Count;14;90;112;93;50;-7;38;03:59;1;30;16yFlgjXstOViP02UgUPCM
1140;Body Count Anthem;Body Count;15;90;179;87;29;-8;18;02:46;0;26;4aVuH8fjmekze2Nj0gsIjK
1141;Momma's Gotta Die Tonight;Body Count;16;90;144;86;40;-7;57;06:11;1;27;2XZagLKbIalEKlif2ToE5x
1142;Freedom of Speech;Body Count;17;90;102;74;77;-9;83;04:41;9;27;40fLUCheLdDoESRg41qrWU
2002;Torture Garden;Naked City;1;91;;;;;;;;;
1143;Blank - remastered 2007;Eyehategod;1;92;119;65;25;-7;18;07:07;0;29;3X6cqWlADU8SVxAhfTIjYT
1144;Sister Fucker (Pt. I) - remastered 2007;Eyehategod;2;92;144;81;20;-7;44;02:10;0;32;7EjR3dnNIdTD1h4A4zbiOy
1145;Shop Lift - remastered 2007;Eyehategod;3;92;87;72;19;-7;15;03:15;0;26;52sXH5nG72aQPr6JhBfZlH
1146;White Nigger - remastered 2007;Eyehategod;4;92;75;74;17;-7;17;03:55;0;33;28dKLbA1nqWRVOmweQteP0
1147;30$ Bag - remastered 2007;Eyehategod;5;92;142;72;21;-8;45;02:47;0;25;1WkBRyICJJs2hOsFrTiy9w
1148;Disturbance - remastered 2007;Eyehategod;6;92;81;73;19;-15;7;07:02;86;19;0HgYlaTyGuQSQtEHoQjKhv
1149;Take As Needed for Pain - remastered 2007;Eyehategod;7;92;131;76;24;-8;30;06:07;0;25;5d6gQ9F3EZLFElsxa5pXXN
1150;Sister Fucker (Pt. II) - remastered 2007;Eyehategod;8;92;127;66;25;-9;10;02:37;0;20;0YLNyF6UGQdRjtv3VbtU3U
1151;Crimes Against Skin - remastered 2007;Eyehategod;9;92;119;63;25;-9;30;06:46;0;18;3eCNOrmFLqOiXYhxpyjN8r
1152;Kill Your Boss - remastered 2007;Eyehategod;10;92;125;67;28;-7;45;04:14;0;18;77xlwhz0R2fU5ly417nkgf
1153;Who Gave Her the Roses - remastered 2007;Eyehategod;11;92;122;60;27;-7;23;01:59;0;16;3zBkZGHvnasjXLcK1y5dq1
1154;Laugh It Off - remastered 2007;Eyehategod;12;92;97;77;60;-16;64;01:35;96;13;2hXzOjbM5VzefZYXa5AlEF
1155;Ruptured Heart Theory [Bonus Track] - remastered 2007;Eyehategod;13;92;124;69;27;-8;9;03:34;0;14;3xo80ShC8nPmx7CgkFNp9K
1156;Story of the Eye [Bonus Track] - remastered 2007;Eyehategod;14;92;122;83;30;-9;35;02:30;1;14;5KUYSbwleeMmnVGUzcti4A
1157;Blank/Shoplift [Bonus Track] - remastered 2007;Eyehategod;15;92;83;57;20;-11;31;03:58;44;13;2WxO2DqXTyLa5sN9GXoZO7
1158;Southern Discomfort [Bonus Track] - remastered 2007;Eyehategod;16;92;129;74;21;-6;15;04:25;1;19;43hrtBwcHmBxqO1FcGKOqY
1159;Serving Time In the Middle of Nowhere [Bonus Track] - remastered 2007;Eyehategod;17;92;92;92;27;-6;38;03:20;0;14;0qXq8OiABLn8bnTtgo0qpX
1160;Lack of Almost Everything [Bonus Track] - remastered 2007;Eyehategod;18;92;122;90;27;-7;26;02:28;0;12;4oJ2JpjEkln7WIaobQWqGj
1161;Welcome To Planet Motherfucker/ Psychoholic Slag;White Zombie;1;93;117;78;47;-13;20;06:21;0;45;5x8YLkZvKQDmZsD4cnCO06
1162;Knuckle Duster - Radio 1-A;White Zombie;2;93;137;30;52;-27;32;00:24;91;1;2VYTfHAnu4QYn9VkwlXoh3
1163;Thunder Kiss '65;White Zombie;3;93;113;86;68;-10;45;03:54;0;60;4tvBoSWeIW0bjhKNre5mod
1164;Black Sunshine;White Zombie;4;93;167;92;53;-11;36;04:49;0;50;0D7aPFnFa9qIVFpOJ1ZBTG
1165;Soul-Crusher;White Zombie;5;93;159;70;40;-10;59;05:04;0;39;01X4vM5W2LBiBWRSY1O7TF
1166;Cosmic Monsters Inc.;White Zombie;6;93;86;77;61;-12;46;05:14;0;37;5Dl0kQlw30AJIFupjioRz4
1167;Spiderbaby (Yeah-Yeah-Yeah);White Zombie;7;93;161;69;35;-11;30;05:02;0;33;69R4dcujpMJX5SUARXKOHi
1168;I Am Legend;White Zombie;8;93;139;65;38;-12;31;05:09;0;34;285HB3e1livtx5SndVhp2d
1169;Knuckle Duster - Radio 2-B;White Zombie;9;93;110;8;63;-30;96;00:25;98;0;48UTETcEXWbjHsBimngZPr
1170;Thrust!;White Zombie;10;93;119;90;66;-11;46;05:06;0;34;3aBH7dfYnfBvrDfFbMUqrn
1171;One Big Crunch;White Zombie;11;93;83;48;49;-28;4;00:22;99;0;0jVNv7MUMbdgNT1RluW3RB
1172;Grindhouse (A Go-Go);White Zombie;12;93;115;94;69;-11;41;04:05;0;32;73oXdCaRTOJbfjR3ETgfeX
1173;Starface;White Zombie;13;93;121;86;66;-10;63;05:03;0;32;4TrX6zuhWXSDKOQczUC5um
1174;Warp Asylum;White Zombie;14;93;108;71;43;-12;51;06:45;0;31;2MA9Qh9M1gzoE4HgCVLmac
1175;Dream House;Deafheaven;1;94;82;80;12;-5;10;09:15;0;8;6l3A2EWZSOA8LTMmzRCyD3
1176;Irresistible;Deafheaven;2;94;103;24;65;-14;4;03:13;97;4;3EAUSlUzVTLhxLn8Fhpz5V
1177;Sunbather;Deafheaven;3;94;155;80;11;-5;11;10:17;0;4;1XIlhPjBt4udymVWzcPrwm
1178;Please Remember;Deafheaven;4;94;115;58;22;-12;3;06:26;59;3;7gTyR63h4FXXxOIXTZYDzv
1179;Vertigo;Deafheaven;5;94;123;81;18;-5;18;14:37;0;2;1Oe2Um6K7AsiDjKOBKKbZP
1180;Windows;Deafheaven;6;94;85;32;17;-17;4;04:43;78;1;1NClfLPFneHXcvHSkF64JK
1181;The Pecan Tree;Deafheaven;7;94;124;79;21;-6;20;11:27;0;2;0whlO9oEAYISh4plID7lXa
1182;Pull Me Under;Dream Theater;1;95;102;97;53;-7;23;08:12;0;59;5CPXR6lDTvngxtmMZxnWmC
1183;Another Day;Dream Theater;2;95;141;61;45;-10;34;04:23;0;53;69kZsoRrSf7GBTSdJ4BjqA
1184;Take the Time;Dream Theater;3;95;126;89;35;-10;37;08:21;0;46;0t8JoPmxcwsWXWcsflNKxk
1185;Surrounded;Dream Theater;4;95;166;71;32;-10;14;05:30;1;43;5dz43JZ6QteTXfAtmZbB2n
1186;"Metropolis - , Pt. I (""The Miracle and the Sleeper"")";Dream Theater;5;95;105;91;28;-9;45;09:32;0;50;6nRCTb5b0N5zp8WTeY6xFZ
1187;Under a Glass Moon;Dream Theater;6;95;146;85;51;-10;59;07:03;0;45;2bBAAVvOHsr7vxWFTuYxH8
1188;Wait for Sleep;Dream Theater;7;95;110;37;30;-15;23;02:32;28;41;7LaaIr1D8CjH1tc7ERTr8A
1189;Learning to Live;Dream Theater;8;95;127;82;36;-11;56;11:30;0;41;4jdEbvfD0u6tmOLgMKJYUg
1190;?penbaring;Kvelertak;1;96;142;89;24;-5;5;03:06;0;35;4t0TAd0SFGcb6w0FCbvvnI
1191;Spring Fra Livet;Kvelertak;2;96;75;97;29;-4;12;03:35;0;26;7lzprKou9yZPeU3kgm3Y14
1192;Trepan;Kvelertak;3;96;146;99;14;-5;11;03:40;0;23;3A27gwaB5egD9akbYWmpZr
1193;Bruane Brenn;Kvelertak;4;96;165;96;19;-5;27;04:07;0;32;5FGiVhxx23Ce711x1mgisU
1194;Evig Vandrar;Kvelertak;5;96;86;95;38;-5;29;02:49;0;27;6QpkvheHWzzgYqYrUEhFiN
1195;Snilepisk;Kvelertak;6;96;87;94;13;-5;31;02:53;0;23;5AxTA7EKcIiqc51nfBoKl2
1196;M?nelyst;Kvelertak;7;96;175;96;25;-5;20;03:10;0;24;1B1hUELr68sQjVpytLq7I1
1197;Nekrokosmos;Kvelertak;8;96;157;96;17;-5;7;06:41;0;23;6tGaJvoc1MnwnPxogAkgZI
1198;Undertro;Kvelertak;9;96;140;96;47;-6;18;06:26;0;24;0y5Rpnq7cT4FA4sbPLMkWo
1199;Tordenbrak;Kvelertak;10;96;140;95;33;-4;8;08:54;0;22;3siHufOiu47YwHcbozPYN0
1200;Kvelertak;Kvelertak;11;96;127;93;47;-4;65;03:50;0;37;1ytlmKrkhgDR3XzE2ZMl18
1201;Ocean Planet;Gojira;1;97;112;92;32;-3;17;05:33;0;40;2J85qRmrxqLVeaIHUfQo7K
1202;Backbone;Gojira;2;97;91;99;30;-2;10;04:18;0;42;3vWx45bv3MUDpxHEq2SlGa
1203;From The Sky;Gojira;3;97;174;98;25;-3;5;05:48;0;39;7fVNEKI7aAaZc1T7JkLmub
1204;Unicorn;Gojira;4;97;153;39;64;-14;40;02:09;45;34;03C8y1en48wMpca3qomxqF
1205;Where Dragons Dwell;Gojira;5;97;89;94;20;-3;10;06:54;0;39;0rtTCrUcfC0v1b1jfjvfi0
1206;The Heaviest Matter Of The Universe;Gojira;6;97;103;97;25;-3;21;03:58;0;45;59QBQwPLf2AlUEeQOqZv5p
1207;Flying Whales;Gojira;7;97;95;92;27;-4;20;07:44;0;49;5tEDjnDqhW92i1zzx3f5wn
1208;In The Wilderness;Gojira;8;97;106;99;29;-4;4;07:47;0;36;1NbtYZo9zv49dSRHyU3rED
1209;World To Come;Gojira;9;97;84;83;13;-3;8;06:53;0;34;7k5K529BF0y6yEbDVoJr34
1210;From Mars;Gojira;10;97;126;59;51;-14;35;02:25;31;34;4gdSgHwfMeB6Ri5fS43SUW
1211;To Sirius;Gojira;11;97;129;100;26;-3;4;05:38;0;38;2Hr8GbU3qRT9PgQkQ6wbnX
1212;Global Warming;Gojira;12;97;189;94;15;-3;21;07:51;0;40;7hfiEiXv9u9sXoia7KMYPh
1213;Aghartha;Sunn 0)));1;98;130;37;21;-12;5;17:34;8;25;3szH2qrbJn3cIxfiPssgQ7
1214;Big Church [megszents?gtelen?thetetlens?gesked?seitek?rt];Sunn 0)));2;98;80;25;10;-10;3;09:43;14;26;6bT3d7TTVO1UW56rvWleJP
1215;Hunting & Gathering (Cydonia);Sunn 0)));3;98;137;67;16;-8;4;10:02;5;18;0Zju5QvPfMTVHRq1KYRINf
1216;Alice;Sunn 0)));4;98;75;14;8;-15;4;16:20;67;19;7n6WNQidHGzHm0TQHWV7aH
1217;Going Under;Evanescence;1;99;175;86;37;-5;46;03:35;1;68;3UygY7qW2cvG9Llkay6i1i
1218;Bring Me To Life;Evanescence;2;99;190;95;32;-3;32;03:56;1;78;0COqiPhxzoWICwFCS4eZcp
1219;Everybody's Fool;Evanescence;3;99;95;84;44;-5;27;03:16;0;62;0tWEB6BxbI48XN79QE1JbT
1220;My Immortal;Evanescence;4;99;69;29;19;-9;8;04:23;86;73;4UzVcXufOhGUwF56HT7b8M
1221;Haunted;Evanescence;5;99;156;85;36;-4;18;03:05;1;55;6Z77oDcn6iI1MHFCBPjl24
1222;Tourniquet;Evanescence;6;99;102;91;46;-6;14;04:38;1;57;46fyLy4W9HhAkcb67kLaAV
1223;Imaginary;Evanescence;7;99;150;77;40;-5;31;04:16;1;52;7q6CybWAg3uYLgS5tDWqmd
1224;Taking Over Me;Evanescence;8;99;90;78;47;-5;45;03:49;2;54;5j7gLuOsBOyqooruGxX4nx
1225;Hello;Evanescence;9;99;69;17;26;-12;7;03:40;90;57;0aYUqsvZG7bAslrUkd9Z0g
1226;My Last Breath;Evanescence;10;99;176;77;36;-6;45;04:07;0;52;2aUuMeSbt2aEv94MdG2BYS
1227;Whisper;Evanescence;11;99;175;85;30;-6;38;05:27;1;51;1TU3KOnNwSERgNbF2Yzl7N
1228;My Immortal - Band Version;Evanescence;12;99;75;34;44;-8;7;04:33;78;56;3PYdxIDuBIuJSDGwfptFx4
1229;Beast and the Harlot;Avenged Sevenfold;1;100;155;98;37;-3;41;05:44;0;60;6FVYwnVrnAEIRnY3bHJb46
1230;Burn It Down;Avenged Sevenfold;2;100;175;97;35;-3;57;04:59;0;50;4bcN9riyILh4IXEdmLGa8m
1231;Blinded in Chains;Avenged Sevenfold;3;100;96;96;25;-4;57;06:34;0;56;39ZiU2QVBvDQzeepJjg8tp
1232;Bat Country;Avenged Sevenfold;4;100;125;97;54;-4;51;05:12;0;68;3sHH7lklbfpcraDDvYnjo7
1233;Trashed and Scattered;Avenged Sevenfold;5;100;175;96;33;-3;33;05:52;0;53;01CYr3t0hedD915PmI5l4D
1234;Seize the Day;Avenged Sevenfold;6;100;140;80;39;-4;34;05:34;2;61;7HKRWMTErKh56EIBeFcmdf
1235;Sidewinder;Avenged Sevenfold;7;100;123;95;54;-4;40;07:02;0;50;6rujTb9hJa0XdUNtPftz4M
1236;The Wicked End;Avenged Sevenfold;8;100;120;93;46;-4;49;07:10;0;47;18dQgDh5WDUH99YIkRf0dA
1237;Strength of the World;Avenged Sevenfold;9;100;160;81;34;-5;32;09:15;0;48;3muNQv1Ctk9NwzksJA1z5c
1238;Betrayed;Avenged Sevenfold;10;100;130;93;47;-4;52;06:46;0;48;5fArVBrjtT7UPIQ8j2yQnJ
1239;M.I.A.;Avenged Sevenfold;11;100;165;81;21;-5;13;08:46;1;55;3PrvYgv97s5U752pIpDMNf
